counselling,state,year,round,rank_type,rank_value,college,course,category,quota,seat_type,source_file,source_line,status
Jharkhand,Jharkhand,2025,R3,CML_OR_SOURCE_RANK,,,"SNMMCH, Dhanbad",General,,,Jharkhand__Jharkhand Round 3 Result.txt,11,
Jharkhand,Jharkhand,2025,R3,CML_OR_SOURCE_RANK,,"jendra Institute of Medical Sciences, Rajendra Institute of Medical Sciences, nchi Ranchi",M.S. (Ophthalmology) EYE,M.D. (Paediatrics),,,Jharkhand__Jharkhand Round 3 Result.txt,15,
Jharkhand,Jharkhand,2025,R3,CML_OR_SOURCE_RANK,,"jendra Institute of Medical Sciences, nchi",M.D. (Paediatrics),"SNMMCH, Dhanbad",,,Jharkhand__Jharkhand Round 3 Result.txt,19,
Jharkhand,Jharkhand,2025,R3,CML_OR_SOURCE_RANK,,"hatma Gandhi Memorial Medical Rajendra Institute of Medical Sciences, llege, Jamshedpur Ranchi",M.D./ M.S. (Obs. & Gynae.),M.S. (Ophthalmology) EYE,,,Jharkhand__Jharkhand Round 3 Result.txt,23,
Jharkhand,Jharkhand,2025,R3,CML_OR_SOURCE_RANK,,"hatma Gandhi Memorial Medical Mahatma Gandhi Memorial Medical llege, Jamshedpur College, Jamshedpur",M.D. (Paediatrics),General,,,Jharkhand__Jharkhand Round 3 Result.txt,27,
Jharkhand,Jharkhand,2025,R3,CML_OR_SOURCE_RANK,,,"SNMMCH, Dhanbad",M.D./ M.S. (Obs. & Gynae.),,,Jharkhand__Jharkhand Round 3 Result.txt,31,
Jharkhand,Jharkhand,2025,R3,CML_OR_SOURCE_RANK,,"hatma Gandhi Memorial Medical llege, Jamshedpur",M.S. (Orthopedics),7,,,Jharkhand__Jharkhand Round 3 Result.txt,35,
Jharkhand,Jharkhand,2025,R3,CML_OR_SOURCE_RANK,,"jendra Institute of Medical Sciences, nchi",M.S. (Ophthalmology) EYE,8,,,Jharkhand__Jharkhand Round 3 Result.txt,39,
Jharkhand,Jharkhand,2025,R3,CML_OR_SOURCE_RANK,,"hatma Gandhi Memorial Medical llege, Jamshedpur",M.S. (Orthopedics),9,,,Jharkhand__Jharkhand Round 3 Result.txt,43,
Jharkhand,Jharkhand,2025,R3,CML_OR_SOURCE_RANK,,"hatma Gandhi Memorial Medical llege, Jamshedpur",M.S. (General Surgery),10,,,Jharkhand__Jharkhand Round 3 Result.txt,47,
Jharkhand,Jharkhand,2025,R3,CML_OR_SOURCE_RANK,166.0,,M.S. (General Surgery),11,,,Jharkhand__Jharkhand Round 3 Result.txt,51,
Jharkhand,Jharkhand,2025,R3,CML_OR_SOURCE_RANK,,"jendra Institute of Medical Sciences, Rajendra Institute of Medical Sciences, nchi Ranchi",M.D. (Pathology),M.D. (Community Medicine),,,Jharkhand__Jharkhand Round 3 Result.txt,58,
Jharkhand,Jharkhand,2025,R3,CML_OR_SOURCE_RANK,,"jendra Institute of Medical Sciences, nchi",M.D. (Forensic Medicine),14,,,Jharkhand__Jharkhand Round 3 Result.txt,62,
Jharkhand,Jharkhand,2025,R3,CML_OR_SOURCE_RANK,,"jendra Institute of Medical Sciences, nchi",M.D. (Microbiology),15,,,Jharkhand__Jharkhand Round 3 Result.txt,67,
Jharkhand,Jharkhand,2025,R3,CML_OR_SOURCE_RANK,,"jendra Institute of Medical Sciences, nchi",M.D. (Forensic Medicine),16,,,Jharkhand__Jharkhand Round 3 Result.txt,72,
Jharkhand,Jharkhand,2025,R3,CML_OR_SOURCE_RANK,,"jendra Institute of Medical Sciences, nchi",M.D. (Pharmacology),17,,,Jharkhand__Jharkhand Round 3 Result.txt,76,
Jharkhand,Jharkhand,2025,R3,CML_OR_SOURCE_RANK,,"jendra Institute of Medical Sciences, nchi",M.D. (Community Medicine),18,,,Jharkhand__Jharkhand Round 3 Result.txt,80,
Jharkhand,Jharkhand,2025,R3,CML_OR_SOURCE_RANK,,"jendra Institute of Medical Sciences, nchi",M.D. (Microbiology),19,,,Jharkhand__Jharkhand Round 3 Result.txt,84,
Jharkhand,Jharkhand,2025,R3,CML_OR_SOURCE_RANK,,"jendra Institute of Medical Sciences, nchi",M.D. (Microbiology),20,,,Jharkhand__Jharkhand Round 3 Result.txt,88,
Jharkhand,Jharkhand,2025,R3,CML_OR_SOURCE_RANK,,"jendra Institute of Medical Sciences, nchi",M.D. (Pharmacology),22,,,Jharkhand__Jharkhand Round 3 Result.txt,92,
Jharkhand,Jharkhand,2025,R3,CML_OR_SOURCE_RANK,,"jendra Institute of Medical Sciences, nchi",M.D. (Pharmacology),23,,,Jharkhand__Jharkhand Round 3 Result.txt,96,
Jharkhand,Jharkhand,2025,R3,CML_OR_SOURCE_RANK,,"endra Institute of Medical Sciences, chi",M.D./ M.S. (Anatomy),25,,,Jharkhand__Jharkhand Round 3 Result.txt,107,
Jharkhand,Jharkhand,2025,R3,CML_OR_SOURCE_RANK,,"endra Institute of Medical Sciences, chi",M.D. (Forensic Medicine),26,,,Jharkhand__Jharkhand Round 3 Result.txt,112,
Jharkhand,Jharkhand,2025,R3,CML_OR_SOURCE_RANK,,"endra Institute of Medical Sciences, chi",M.D. (Physiology),27,,,Jharkhand__Jharkhand Round 3 Result.txt,116,
Jharkhand,Jharkhand,2025,R3,CML_OR_SOURCE_RANK,,"endra Institute of Medical Sciences, chi",M.D. (Physiology),29,,,Jharkhand__Jharkhand Round 3 Result.txt,120,
Jharkhand,Jharkhand,2025,R3,CML_OR_SOURCE_RANK,,"atma Gandhi Memorial Medical lege, Jamshedpur",M.D. (Community Medicine),30,,,Jharkhand__Jharkhand Round 3 Result.txt,124,
Jharkhand,Jharkhand,2025,R3,CML_OR_SOURCE_RANK,,"endra Institute of Medical Sciences, chi",M.D. (Biochemistry),33,,,Jharkhand__Jharkhand Round 3 Result.txt,128,
Jharkhand,Jharkhand,2025,R3,CML_OR_SOURCE_RANK,,"atma Gandhi Memorial Medical lege, Jamshedpur",M.D. (Forensic Medicine),34,,,Jharkhand__Jharkhand Round 3 Result.txt,132,
Jharkhand,Jharkhand,2025,R3,CML_OR_SOURCE_RANK,,"endra Institute of Medical Sciences, chi",M.D. (Biochemistry),35,,,Jharkhand__Jharkhand Round 3 Result.txt,137,
Jharkhand,Jharkhand,2025,R3,CML_OR_SOURCE_RANK,,,"SNMMCH, Dhanbad",M.D. (Biochemistry),,,Jharkhand__Jharkhand Round 3 Result.txt,143,
Jharkhand,Jharkhand,2025,R3,CML_OR_SOURCE_RANK,,"endra Institute of Medical Sciences, chi",M.D. (Physiology),38,,,Jharkhand__Jharkhand Round 3 Result.txt,147,
Jharkhand,Jharkhand,2025,R3,CML_OR_SOURCE_RANK,,"endra Institute of Medical Sciences, chi",M.D./ M.S. (Anatomy),39,,,Jharkhand__Jharkhand Round 3 Result.txt,152,
Jharkhand,Jharkhand,2025,R2,CML_OR_SOURCE_RANK,,"Institute of Medical Sciences,",M.D. (Radiology),UR,,,Jharkhand__Jharkhand Round 2 Allotment.txt,11,
Jharkhand,Jharkhand,2025,R2,CML_OR_SOURCE_RANK,128.0,"Institute of Medical Sciences, M.D. (Derm., Ven. & Rajendra Institute of Medical Leprosy) Sciences, Ranchi",2,M.S. (Orthopedics),,,Jharkhand__Jharkhand Round 2 Allotment.txt,14,
Jharkhand,Jharkhand,2025,R2,CML_OR_SOURCE_RANK,,"Institute of Medical Sciences, Mahatma Gandhi Memorial Medical College, Jamshedpur",M.D. (General Medicine),UR,,,Jharkhand__Jharkhand Round 2 Allotment.txt,17,
Jharkhand,Jharkhand,2025,R2,CML_OR_SOURCE_RANK,,"Institute of Medical Sciences,",M.D. (General Medicine),BC,,,Jharkhand__Jharkhand Round 2 Allotment.txt,20,
Jharkhand,Jharkhand,2025,R2,CML_OR_SOURCE_RANK,,Gandhi Memorial Medical Jamshedpur,M.D. (General Medicine),SC,,,Jharkhand__Jharkhand Round 2 Allotment.txt,26,
Jharkhand,Jharkhand,2025,R2,CML_OR_SOURCE_RANK,,Gandhi Memorial Medical Jamshedpur,M.D. (General Medicine),UR,,,Jharkhand__Jharkhand Round 2 Allotment.txt,29,
Jharkhand,Jharkhand,2025,R2,CML_OR_SOURCE_RANK,153.0,"Institute of Medical Sciences, Rajendra Institute of Medical Sciences, Ranchi",ST,8,,,Jharkhand__Jharkhand Round 2 Allotment.txt,32,
Jharkhand,Jharkhand,2025,R2,CML_OR_SOURCE_RANK,25.0,"Institute of Medical Sciences,",UR,9,,,Jharkhand__Jharkhand Round 2 Allotment.txt,35,
Jharkhand,Jharkhand,2025,R2,CML_OR_SOURCE_RANK,179.0,"Institute of Medical Sciences, Mahatma Gandhi Memorial Medical College, Jamshedpur",ST,10,,,Jharkhand__Jharkhand Round 2 Allotment.txt,38,
Jharkhand,Jharkhand,2025,R2,CML_OR_SOURCE_RANK,35.0,"Institute of Medical Sciences,",EWS,11,,,Jharkhand__Jharkhand Round 2 Allotment.txt,41,
Jharkhand,Jharkhand,2025,R2,CML_OR_SOURCE_RANK,40.0,"Institute of Medical Sciences, Mahatma Gandhi Memorial Medical College, Jamshedpur",BC-II,12,,,Jharkhand__Jharkhand Round 2 Allotment.txt,44,
Jharkhand,Jharkhand,2025,R2,CML_OR_SOURCE_RANK,,"Institute of Medical Sciences,",M.S. (Orthopedics),UR,,,Jharkhand__Jharkhand Round 2 Allotment.txt,47,
Jharkhand,Jharkhand,2025,R2,CML_OR_SOURCE_RANK,,Gandhi Memorial Medical,"SNMMCH, Dhanbad",General,,,Jharkhand__Jharkhand Round 2 Allotment.txt,49,
Jharkhand,Jharkhand,2025,R2,CML_OR_SOURCE_RANK,,Gandhi Memorial Medical Jamshedpur,M.D. (Paediatrics),UR,,,Jharkhand__Jharkhand Round 2 Allotment.txt,51,
Jharkhand,Jharkhand,2025,R2,CML_OR_SOURCE_RANK,168.0,"Institute of Medical Sciences, Mahatma Gandhi Memorial Medical College, Jamshedpur",SC,16,,,Jharkhand__Jharkhand Round 2 Allotment.txt,54,
Jharkhand,Jharkhand,2025,R2,CML_OR_SOURCE_RANK,,"Institute of Medical Sciences,",M.D. (Obs. & Gynae.),UR,,,Jharkhand__Jharkhand Round 2 Allotment.txt,57,
Jharkhand,Jharkhand,2025,R2,CML_OR_SOURCE_RANK,203.0,Gandhi Memorial Medical M.D./ M.S. (Obs. & Jamshedpur Gynae.),18,,,,Jharkhand__Jharkhand Round 2 Allotment.txt,60,
Jharkhand,Jharkhand,2025,R2,CML_OR_SOURCE_RANK,,Jamshedpur Gynae.),"SNMMCH, Dhanbad",General,,,Jharkhand__Jharkhand Round 2 Allotment.txt,62,
Jharkhand,Jharkhand,2025,R2,CML_OR_SOURCE_RANK,,"Gandhi Memorial Medical Rajendra Institute of Medical Jamshedpur Sciences, Ranchi",M.D. (Paediatrics),BC,,,Jharkhand__Jharkhand Round 2 Allotment.txt,65,
Jharkhand,Jharkhand,2025,R2,CML_OR_SOURCE_RANK,,"Institute of Medical Sciences,",M.S. (General Surgery),EWS,,,Jharkhand__Jharkhand Round 2 Allotment.txt,68,
Jharkhand,Jharkhand,2025,R2,CML_OR_SOURCE_RANK,,"M.D./ M.S. (Obs. & Rajendra Institute of Medical Gynae.) Sciences, Ranchi","SNMMCH, Dhanbad",ST,,,Jharkhand__Jharkhand Round 2 Allotment.txt,71,
Jharkhand,Jharkhand,2025,R2,CML_OR_SOURCE_RANK,,"Institute of Medical Sciences,",M.S. (General Surgery),UR,,,Jharkhand__Jharkhand Round 2 Allotment.txt,74,
Jharkhand,Jharkhand,2025,R2,CML_OR_SOURCE_RANK,,"Institute of Medical Sciences,",M.S. (General Surgery),SC,,,Jharkhand__Jharkhand Round 2 Allotment.txt,77,
Jharkhand,Jharkhand,2025,R2,CML_OR_SOURCE_RANK,230.0,"Institute of Medical Sciences, Rajendra Institute of Medical M.S. (Ophthalmology) Sciences, Ranchi EYE",ST,26,,,Jharkhand__Jharkhand Round 2 Allotment.txt,83,
Jharkhand,Jharkhand,2025,R2,CML_OR_SOURCE_RANK,,"Institute of Medical Sciences, Mahatma Gandhi Memorial Medical College, Jamshedpur",M.S. (General Surgery),UR,,,Jharkhand__Jharkhand Round 2 Allotment.txt,86,
Jharkhand,Jharkhand,2025,R2,CML_OR_SOURCE_RANK,,Gandhi Memorial Medical Jamshedpur,D.M.R.D.,BC,,,Jharkhand__Jharkhand Round 2 Allotment.txt,89,
Jharkhand,Jharkhand,2025,R2,CML_OR_SOURCE_RANK,61.0,"M.D./ M.S. (Obs. & Rajendra Institute of Medical Gynae.) Sciences, Ranchi",UR,29,,,Jharkhand__Jharkhand Round 2 Allotment.txt,92,
Jharkhand,Jharkhand,2025,R2,CML_OR_SOURCE_RANK,233.0,"Institute of Medical Sciences,",ST,30,,,Jharkhand__Jharkhand Round 2 Allotment.txt,95,
Jharkhand,Jharkhand,2025,R2,CML_OR_SOURCE_RANK,,Gandhi Memorial Medical Jamshedpur,M.S. (Orthopedics),EWS,,,Jharkhand__Jharkhand Round 2 Allotment.txt,98,
Jharkhand,Jharkhand,2025,R2,CML_OR_SOURCE_RANK,,dhi Memorial Medical mshedpur,M.S. (General Surgery),BC,,,Jharkhand__Jharkhand Round 2 Allotment.txt,108,
Jharkhand,Jharkhand,2025,R2,CML_OR_SOURCE_RANK,,"dhi Memorial Medical Rajendra Institute of Medical mshedpur Sciences, Ranchi",M.S. (General Surgery),UR,,,Jharkhand__Jharkhand Round 2 Allotment.txt,111,
Jharkhand,Jharkhand,2025,R2,CML_OR_SOURCE_RANK,234.0,dhi Memorial Medical mshedpur,ST,34,,,Jharkhand__Jharkhand Round 2 Allotment.txt,114,
Jharkhand,Jharkhand,2025,R2,CML_OR_SOURCE_RANK,88.0,"stitute of Medical Sciences,",UR,35,,,Jharkhand__Jharkhand Round 2 Allotment.txt,117,
Jharkhand,Jharkhand,2025,R2,CML_OR_SOURCE_RANK,,,"SNMMCH, Dhanbad",General,,,Jharkhand__Jharkhand Round 2 Allotment.txt,119,
Jharkhand,Jharkhand,2025,R2,CML_OR_SOURCE_RANK,235.0,"stitute of Medical Sciences,",ST,38,,,Jharkhand__Jharkhand Round 2 Allotment.txt,124,
Jharkhand,Jharkhand,2025,R2,CML_OR_SOURCE_RANK,,"stitute of Medical Sciences, Post M.B.B.S D.N.B (Obst. & Gyne)",M.D. (Anesthesiology),UR,,,Jharkhand__Jharkhand Round 2 Allotment.txt,127,
Jharkhand,Jharkhand,2025,R2,CML_OR_SOURCE_RANK,,"stitute of Medical Sciences,",M.S. (ENT),BC,,,Jharkhand__Jharkhand Round 2 Allotment.txt,130,
Jharkhand,Jharkhand,2025,R2,CML_OR_SOURCE_RANK,,"stitute of Medical Sciences,",M.D. (Anesthesiology),EWS,,,Jharkhand__Jharkhand Round 2 Allotment.txt,133,
Jharkhand,Jharkhand,2025,R2,CML_OR_SOURCE_RANK,,"stitute of Medical Sciences,",M.D. (Anesthesiology),ST,,,Jharkhand__Jharkhand Round 2 Allotment.txt,136,
Jharkhand,Jharkhand,2025,R2,CML_OR_SOURCE_RANK,,"stitute of Medical Sciences,",M.S. (ENT),UR,,,Jharkhand__Jharkhand Round 2 Allotment.txt,139,
Jharkhand,Jharkhand,2025,R2,CML_OR_SOURCE_RANK,,dhi Memorial Medical mshedpur,M.D. (Anesthesiology),ST,,,Jharkhand__Jharkhand Round 2 Allotment.txt,142,
Jharkhand,Jharkhand,2025,R2,CML_OR_SOURCE_RANK,,"stitute of Medical Sciences, M.S. (Ophthalmology) EYE",UR,45,,,Jharkhand__Jharkhand Round 2 Allotment.txt,145,
Jharkhand,Jharkhand,2025,R2,CML_OR_SOURCE_RANK,,dhi Memorial Medical mshedpur,(Otorhinolaryngology) E,SC,,,Jharkhand__Jharkhand Round 2 Allotment.txt,149,
Jharkhand,Jharkhand,2025,R2,CML_OR_SOURCE_RANK,,dhi Memorial Medical mshedpur,D.C.H.,UR,,,Jharkhand__Jharkhand Round 2 Allotment.txt,153,
Jharkhand,Jharkhand,2025,R2,CML_OR_SOURCE_RANK,,"stitute of Medical Sciences, M.S. (Ophthalmology) EYE",BC-I,48,,,Jharkhand__Jharkhand Round 2 Allotment.txt,156,
Jharkhand,Jharkhand,2025,R2,CML_OR_SOURCE_RANK,,"stitute of Medical Sciences, M.S. (Ophthalmology) EYE",EWS,49,,,Jharkhand__Jharkhand Round 2 Allotment.txt,159,
Jharkhand,Jharkhand,2025,R2,CML_OR_SOURCE_RANK,241.0,"stitute of Medical Sciences, M.S. (Ophthalmology) EYE",50,,,,Jharkhand__Jharkhand Round 2 Allotment.txt,162,
Jharkhand,Jharkhand,2025,R2,CML_OR_SOURCE_RANK,,dhi Memorial Medical M.S. (Ophthalmology) mshedpur EYE,UR,51,,,Jharkhand__Jharkhand Round 2 Allotment.txt,165,
Jharkhand,Jharkhand,2025,R2,CML_OR_SOURCE_RANK,,"stitute of Medical Sciences,",M.D. (Pathology),ST,,,Jharkhand__Jharkhand Round 2 Allotment.txt,168,
Jharkhand,Jharkhand,2025,R2,CML_OR_SOURCE_RANK,187.0,"stitute of Medical Sciences,",UR,53,,,Jharkhand__Jharkhand Round 2 Allotment.txt,171,
Jharkhand,Jharkhand,2025,R2,CML_OR_SOURCE_RANK,,"stitute of Medical Sciences,",M.D. (Pathology),BC,,,Jharkhand__Jharkhand Round 2 Allotment.txt,174,
Jharkhand,Jharkhand,2025,R2,CML_OR_SOURCE_RANK,,"stitute of Medical Sciences,",M.D. (Pathology),UR,,,Jharkhand__Jharkhand Round 2 Allotment.txt,177,
Jharkhand,Jharkhand,2025,R2,CML_OR_SOURCE_RANK,,"stitute of Medical Sciences, Rajendra Institute of Medical Sciences, Ranchi",M.D. (Pathology),SC,,,Jharkhand__Jharkhand Round 2 Allotment.txt,180,
Jharkhand,Jharkhand,2025,R2,CML_OR_SOURCE_RANK,228.0,Post M.B.B.S D.N.B (Obst. & Gyne),UR,57,,,Jharkhand__Jharkhand Round 2 Allotment.txt,183,
Jharkhand,Jharkhand,2025,R2,CML_OR_SOURCE_RANK,,"dhi Memorial Medical M.D. (Community Rajendra Institute of Medical M.D. (Community mshedpur Medicine) Sciences, Ranchi Medicine)",ST,58,,,Jharkhand__Jharkhand Round 2 Allotment.txt,186,
Jharkhand,Jharkhand,2025,R2,CML_OR_SOURCE_RANK,229.0,"stitute of Medical Sciences,",UR,59,,,Jharkhand__Jharkhand Round 2 Allotment.txt,189,
Jharkhand,Jharkhand,2025,R2,CML_OR_SOURCE_RANK,231.0,"stitute of Medical Sciences, M.D. (Community Rajendra Institute of Medical Medicine) Sciences, Ranchi",63,M.D. (Microbiology),,,Jharkhand__Jharkhand Round 2 Allotment.txt,192,
Jharkhand,Jharkhand,2025,R2,CML_OR_SOURCE_RANK,232.0,Post M.B.B.S D.N.B . (General Surgery),UR,65,,,Jharkhand__Jharkhand Round 2 Allotment.txt,195,
Jharkhand,Jharkhand,2025,R2,CML_OR_SOURCE_RANK,,"stitute of Medical Sciences, M.D. (Community Medicine)",UR,67,,,Jharkhand__Jharkhand Round 2 Allotment.txt,198,
Jharkhand,Jharkhand,2025,R1,CML_OR_SOURCE_RANK,0.0,"Rajendra Institute of Medical Sciences, Ranchi",M.D. (Radiology),UR,,,Jharkhand__Jharkhand Round 1 Provisional Allotment.txt,12,
Jharkhand,Jharkhand,2025,R1,CML_OR_SOURCE_RANK,0.0,"Rajendra Institute of Medical Sciences, Ranchi",M.D. (General Medicine),UR,,,Jharkhand__Jharkhand Round 1 Provisional Allotment.txt,15,
Jharkhand,Jharkhand,2025,R1,CML_OR_SOURCE_RANK,0.0,"Rajendra Institute of Medical Sciences, M.D. (Derm., Ven. & Ranchi Leprosy)",UR,7,,,Jharkhand__Jharkhand Round 1 Provisional Allotment.txt,21,
Jharkhand,Jharkhand,2025,R1,CML_OR_SOURCE_RANK,0.0,"Rajendra Institute of Medical Sciences, Ranchi",M.D. (Radiology),BC,,,Jharkhand__Jharkhand Round 1 Provisional Allotment.txt,24,
Jharkhand,Jharkhand,2025,R1,CML_OR_SOURCE_RANK,0.0,"Rajendra Institute of Medical Sciences, M.D. (Derm., Ven. & Ranchi Leprosy)",UR,9,,,Jharkhand__Jharkhand Round 1 Provisional Allotment.txt,27,
Jharkhand,Jharkhand,2025,R1,CML_OR_SOURCE_RANK,0.0,"Rajendra Institute of Medical Sciences, Ranchi",M.D. (General Medicine),EWS,,,Jharkhand__Jharkhand Round 1 Provisional Allotment.txt,30,
Jharkhand,Jharkhand,2025,R1,CML_OR_SOURCE_RANK,14.0,"Rajendra Institute of Medical Sciences, Ranchi",UR,17,,,Jharkhand__Jharkhand Round 1 Provisional Allotment.txt,39,
Jharkhand,Jharkhand,2025,R1,CML_OR_SOURCE_RANK,15.0,"Rajendra Institute of Medical Sciences, Ranchi",UR,19,,,Jharkhand__Jharkhand Round 1 Provisional Allotment.txt,42,
Jharkhand,Jharkhand,2025,R1,CML_OR_SOURCE_RANK,17.0,"Rajendra Institute of Medical Sciences, Ranchi",BC-II,12,,,Jharkhand__Jharkhand Round 1 Provisional Allotment.txt,45,
Jharkhand,Jharkhand,2025,R1,CML_OR_SOURCE_RANK,18.0,"Mahatma Gandhi Memorial Medical College, Jamshedpur",UR,23,,,Jharkhand__Jharkhand Round 1 Provisional Allotment.txt,48,
Jharkhand,Jharkhand,2025,R1,CML_OR_SOURCE_RANK,19.0,"Mahatma Gandhi Memorial Medical College, Jamshedpur",EWS,21,,,Jharkhand__Jharkhand Round 1 Provisional Allotment.txt,51,
Jharkhand,Jharkhand,2025,R1,CML_OR_SOURCE_RANK,20.0,"Rajendra Institute of Medical Sciences, Ranchi",UR,25,,,Jharkhand__Jharkhand Round 1 Provisional Allotment.txt,54,
Jharkhand,Jharkhand,2025,R1,CML_OR_SOURCE_RANK,21.0,"Rajendra Institute of Medical Sciences, Ranchi",UR,27,,,Jharkhand__Jharkhand Round 1 Provisional Allotment.txt,57,
Jharkhand,Jharkhand,2025,R1,CML_OR_SOURCE_RANK,23.0,"Ranchi Rajendra Institute of Medical Sciences,",M.D. (General Medicine),UR,,,Jharkhand__Jharkhand Round 1 Provisional Allotment.txt,59,
Jharkhand,Jharkhand,2025,R1,CML_OR_SOURCE_RANK,25.0,"Rajendra Institute of Medical Sciences, Ranchi",EWS,31,,,Jharkhand__Jharkhand Round 1 Provisional Allotment.txt,61,
Jharkhand,Jharkhand,2025,R1,CML_OR_SOURCE_RANK,26.0,"Rajendra Institute of Medical Sciences, Ranchi",UR,33,,,Jharkhand__Jharkhand Round 1 Provisional Allotment.txt,64,
Jharkhand,Jharkhand,2025,R1,CML_OR_SOURCE_RANK,27.0,"Rajendra Institute of Medical Sciences, Ranchi",UR,35,,,Jharkhand__Jharkhand Round 1 Provisional Allotment.txt,67,
Jharkhand,Jharkhand,2025,R1,CML_OR_SOURCE_RANK,29.0,"Rajendra Institute of Medical Sciences, Ranchi",BC-I,32,,,Jharkhand__Jharkhand Round 1 Provisional Allotment.txt,70,
Jharkhand,Jharkhand,2025,R1,CML_OR_SOURCE_RANK,30.0,"Rajendra Institute of Medical Sciences, Ranchi",UR,37,,,Jharkhand__Jharkhand Round 1 Provisional Allotment.txt,73,
Jharkhand,Jharkhand,2025,R1,CML_OR_SOURCE_RANK,31.0,"Rajendra Institute of Medical Sciences, Ranchi",UR,39,,,Jharkhand__Jharkhand Round 1 Provisional Allotment.txt,76,
Jharkhand,Jharkhand,2025,R1,CML_OR_SOURCE_RANK,32.0,"Rajendra Institute of Medical Sciences, Ranchi",BC-II,28,,,Jharkhand__Jharkhand Round 1 Provisional Allotment.txt,79,
Jharkhand,Jharkhand,2025,R1,CML_OR_SOURCE_RANK,33.0,"Rajendra Institute of Medical Sciences, Ranchi",UR,43,,,Jharkhand__Jharkhand Round 1 Provisional Allotment.txt,82,
Jharkhand,Jharkhand,2025,R1,CML_OR_SOURCE_RANK,34.0,"Rajendra Institute of Medical Sciences, Ranchi",EWS,41,,,Jharkhand__Jharkhand Round 1 Provisional Allotment.txt,85,
Jharkhand,Jharkhand,2025,R1,CML_OR_SOURCE_RANK,35.0,"Rajendra Institute of Medical Sciences, Ranchi",UR,45,,,Jharkhand__Jharkhand Round 1 Provisional Allotment.txt,88,
Jharkhand,Jharkhand,2025,R1,CML_OR_SOURCE_RANK,37.0,"Rajendra Institute of Medical Sciences, Ranchi",UR,47,,,Jharkhand__Jharkhand Round 1 Provisional Allotment.txt,91,
Jharkhand,Jharkhand,2025,R1,CML_OR_SOURCE_RANK,38.0,"Rajendra Institute of Medical Sciences, Ranchi",UR,51,,,Jharkhand__Jharkhand Round 1 Provisional Allotment.txt,94,
Jharkhand,Jharkhand,2025,R1,CML_OR_SOURCE_RANK,39.0,"Mahatma Gandhi Memorial Medical College, Jamshedpur",BC-II,40,,,Jharkhand__Jharkhand Round 1 Provisional Allotment.txt,105,
Jharkhand,Jharkhand,2025,R1,CML_OR_SOURCE_RANK,40.0,"Rajendra Institute of Medical Sciences, Ranchi",UR,53,,,Jharkhand__Jharkhand Round 1 Provisional Allotment.txt,108,
Jharkhand,Jharkhand,2025,R1,CML_OR_SOURCE_RANK,43.0,"Rajendra Institute of Medical Sciences, Ranchi",UR,55,,,Jharkhand__Jharkhand Round 1 Provisional Allotment.txt,111,
Jharkhand,Jharkhand,2025,R1,CML_OR_SOURCE_RANK,44.0,"Mahatma Gandhi Memorial Medical College, Jamshedpur",UR,57,,,Jharkhand__Jharkhand Round 1 Provisional Allotment.txt,114,
Jharkhand,Jharkhand,2025,R1,CML_OR_SOURCE_RANK,45.0,"Mahatma Gandhi Memorial Medical College, Jamshedpur",BC-I,48,,,Jharkhand__Jharkhand Round 1 Provisional Allotment.txt,117,
Jharkhand,Jharkhand,2025,R1,CML_OR_SOURCE_RANK,50.0,"Mahatma Gandhi Memorial Medical College, Jamshedpur",UR,59,,,Jharkhand__Jharkhand Round 1 Provisional Allotment.txt,120,
Jharkhand,Jharkhand,2025,R1,CML_OR_SOURCE_RANK,51.0,"Mahatma Gandhi Memorial Medical College, Jamshedpur",UR,63,,,Jharkhand__Jharkhand Round 1 Provisional Allotment.txt,123,
Jharkhand,Jharkhand,2025,R1,CML_OR_SOURCE_RANK,52.0,"Rajendra Institute of Medical Sciences, Ranchi",BC-I,54,,,Jharkhand__Jharkhand Round 1 Provisional Allotment.txt,126,
Jharkhand,Jharkhand,2025,R1,CML_OR_SOURCE_RANK,54.0,"Rajendra Institute of Medical Sciences, Ranchi",UR,65,,,Jharkhand__Jharkhand Round 1 Provisional Allotment.txt,129,
Jharkhand,Jharkhand,2025,R1,CML_OR_SOURCE_RANK,55.0,Ranchi Mahatma Gandhi Memorial Medical,M.S. (Orthopedics),BC,,,Jharkhand__Jharkhand Round 1 Provisional Allotment.txt,131,
Jharkhand,Jharkhand,2025,R1,CML_OR_SOURCE_RANK,56.0,"Mahatma Gandhi Memorial Medical College, Jamshedpur",EWS,49,,,Jharkhand__Jharkhand Round 1 Provisional Allotment.txt,133,
Jharkhand,Jharkhand,2025,R1,CML_OR_SOURCE_RANK,60.0,"Rajendra Institute of Medical Sciences, Ranchi",UR,67,,,Jharkhand__Jharkhand Round 1 Provisional Allotment.txt,136,
Jharkhand,Jharkhand,2025,R1,CML_OR_SOURCE_RANK,63.0,"Rajendra Institute of Medical Sciences, Ranchi",UR,69,,,Jharkhand__Jharkhand Round 1 Provisional Allotment.txt,139,
Jharkhand,Jharkhand,2025,R1,CML_OR_SOURCE_RANK,64.0,"Rajendra Institute of Medical Sciences, Ranchi",UR,73,,,Jharkhand__Jharkhand Round 1 Provisional Allotment.txt,142,
Jharkhand,Jharkhand,2025,R1,CML_OR_SOURCE_RANK,69.0,"Mahatma Gandhi Memorial Medical College, Jamshedpur",UR,75,,,Jharkhand__Jharkhand Round 1 Provisional Allotment.txt,145,
Jharkhand,Jharkhand,2025,R1,CML_OR_SOURCE_RANK,71.0,"Mahatma Gandhi Memorial Medical College, Jamshedpur",EWS,61,,,Jharkhand__Jharkhand Round 1 Provisional Allotment.txt,148,
Jharkhand,Jharkhand,2025,R1,CML_OR_SOURCE_RANK,72.0,"Rajendra Institute of Medical Sciences, Ranchi",ST,2,,,Jharkhand__Jharkhand Round 1 Provisional Allotment.txt,151,
Jharkhand,Jharkhand,2025,R1,CML_OR_SOURCE_RANK,73.0,"Rajendra Institute of Medical Sciences, Ranchi",EWS,71,,,Jharkhand__Jharkhand Round 1 Provisional Allotment.txt,154,
Jharkhand,Jharkhand,2025,R1,CML_OR_SOURCE_RANK,74.0,"Rajendra Institute of Medical Sciences, Ranchi",UR,77,,,Jharkhand__Jharkhand Round 1 Provisional Allotment.txt,157,
Jharkhand,Jharkhand,2025,R1,CML_OR_SOURCE_RANK,78.0,"Rajendra Institute of Medical Sciences, Ranchi",BC-I,70,,,Jharkhand__Jharkhand Round 1 Provisional Allotment.txt,160,
Jharkhand,Jharkhand,2025,R1,CML_OR_SOURCE_RANK,84.0,"Mahatma Gandhi Memorial Medical M.S. College, Jamshedpur (Otorhinolaryngology) ENT",78,,,,Jharkhand__Jharkhand Round 1 Provisional Allotment.txt,163,
Jharkhand,Jharkhand,2025,R1,CML_OR_SOURCE_RANK,85.0,"Mahatma Gandhi Memorial Medical College, Jamshedpur",UR,79,,,Jharkhand__Jharkhand Round 1 Provisional Allotment.txt,166,
Jharkhand,Jharkhand,2025,R1,CML_OR_SOURCE_RANK,93.0,Post M.B.B.S D.N.B (Obst. & Gyne),UR,83,,,Jharkhand__Jharkhand Round 1 Provisional Allotment.txt,169,
Jharkhand,Jharkhand,2025,R1,CML_OR_SOURCE_RANK,110.0,"Rajendra Institute of Medical Sciences, Ranchi",SC,6,,,Jharkhand__Jharkhand Round 1 Provisional Allotment.txt,172,
Jharkhand,Jharkhand,2025,R1,CML_OR_SOURCE_RANK,116.0,"Rajendra Institute of Medical Sciences, Ranchi",ST,8,,,Jharkhand__Jharkhand Round 1 Provisional Allotment.txt,175,
Jharkhand,Jharkhand,2025,R1,CML_OR_SOURCE_RANK,126.0,"Rajendra Institute of Medical Sciences, Ranchi",ST,10,,,Jharkhand__Jharkhand Round 1 Provisional Allotment.txt,178,
Jharkhand,Jharkhand,2025,R1,CML_OR_SOURCE_RANK,135.0,"Rajendra Institute of Medical Sciences, Ranchi",SC,16,,,Jharkhand__Jharkhand Round 1 Provisional Allotment.txt,181,
Jharkhand,Jharkhand,2025,R1,CML_OR_SOURCE_RANK,138.0,"Mahatma Gandhi Memorial Medical College, Jamshedpur",SC,24,,,Jharkhand__Jharkhand Round 1 Provisional Allotment.txt,184,
Jharkhand,Jharkhand,2025,R1,CML_OR_SOURCE_RANK,145.0,"College, Jamshedpur Rajendra Institute of Medical Sciences,",M.D. (General Medicine),SC,,,Jharkhand__Jharkhand Round 1 Provisional Allotment.txt,186,
Jharkhand,Jharkhand,2025,R1,CML_OR_SOURCE_RANK,148.0,"Rajendra Institute of Medical Sciences, Ranchi",SC,46,,,Jharkhand__Jharkhand Round 1 Provisional Allotment.txt,188,
Jharkhand,Jharkhand,2025,R1,CML_OR_SOURCE_RANK,150.0,"Rajendra Institute of Medical Sciences, Ranchi",ST,14,,,Jharkhand__Jharkhand Round 1 Provisional Allotment.txt,191,
Jharkhand,Jharkhand,2025,R1,CML_OR_SOURCE_RANK,151.0,"Rajendra Institute of Medical Sciences, Ranchi",ST,18,,,Jharkhand__Jharkhand Round 1 Provisional Allotment.txt,194,
Jharkhand,Jharkhand,2025,R1,CML_OR_SOURCE_RANK,159.0,"Rajendra Institute of Medical Sciences, Ranchi",ST,22,,,Jharkhand__Jharkhand Round 1 Provisional Allotment.txt,206,
Jharkhand,Jharkhand,2025,R1,CML_OR_SOURCE_RANK,160.0,"Rajendra Institute of Medical Sciences, Ranchi",SC,56,,,Jharkhand__Jharkhand Round 1 Provisional Allotment.txt,209,
Jharkhand,Jharkhand,2025,R1,CML_OR_SOURCE_RANK,164.0,"Rajendra Institute of Medical Sciences, Ranchi",ST,26,,,Jharkhand__Jharkhand Round 1 Provisional Allotment.txt,212,
Jharkhand,Jharkhand,2025,R1,CML_OR_SOURCE_RANK,166.0,"Mahatma Gandhi Memorial Medical College, Jamshedpur",SC,66,,,Jharkhand__Jharkhand Round 1 Provisional Allotment.txt,215,
Jharkhand,Jharkhand,2025,R1,CML_OR_SOURCE_RANK,168.0,"Rajendra Institute of Medical Sciences, Ranchi",ST,30,,,Jharkhand__Jharkhand Round 1 Provisional Allotment.txt,218,
Jharkhand,Jharkhand,2025,R1,CML_OR_SOURCE_RANK,174.0,"Ranchi Rajendra Institute of Medical Sciences,",M.D. (General Medicine),ST,,,Jharkhand__Jharkhand Round 1 Provisional Allotment.txt,220,
Jharkhand,Jharkhand,2025,R1,CML_OR_SOURCE_RANK,175.0,"Rajendra Institute of Medical Sciences, Ranchi",SC,74,,,Jharkhand__Jharkhand Round 1 Provisional Allotment.txt,222,
Jharkhand,Jharkhand,2025,R1,CML_OR_SOURCE_RANK,176.0,"Rajendra Institute of Medical Sciences, Ranchi",UR,85,,,Jharkhand__Jharkhand Round 1 Provisional Allotment.txt,225,
Jharkhand,Jharkhand,2025,R1,CML_OR_SOURCE_RANK,177.0,"Mahatma Gandhi Memorial Medical College, Jamshedpur",ST,38,,,Jharkhand__Jharkhand Round 1 Provisional Allotment.txt,228,
Jharkhand,Jharkhand,2025,R1,CML_OR_SOURCE_RANK,180.0,"Rajendra Institute of Medical Sciences, Ranchi",ST,42,,,Jharkhand__Jharkhand Round 1 Provisional Allotment.txt,231,
Jharkhand,Jharkhand,2025,R1,CML_OR_SOURCE_RANK,196.0,"Rajendra Institute of Medical Sciences, Ranchi",SC,86,,,Jharkhand__Jharkhand Round 1 Provisional Allotment.txt,234,
Jharkhand,Jharkhand,2025,R1,CML_OR_SOURCE_RANK,14.0,"Rajendra Institute of Medical Sciences, Ranchi",44,,,,Jharkhand__Jharkhand Round 1 Provisional Allotment.txt,237,
Jharkhand,Jharkhand,2025,R1,CML_OR_SOURCE_RANK,200.0,"Rajendra Institute of Medical Sciences, Ranchi",ST,50,,,Jharkhand__Jharkhand Round 1 Provisional Allotment.txt,240,
Jharkhand,Jharkhand,2025,R1,CML_OR_SOURCE_RANK,203.0,"Rajendra Institute of Medical Sciences, Ranchi",UR,87,,,Jharkhand__Jharkhand Round 1 Provisional Allotment.txt,243,
Jharkhand,Jharkhand,2025,R1,CML_OR_SOURCE_RANK,204.0,"Rajendra Institute of Medical Sciences, Ranchi",ST,52,,,Jharkhand__Jharkhand Round 1 Provisional Allotment.txt,246,
Jharkhand,Jharkhand,2025,R1,CML_OR_SOURCE_RANK,205.0,"Rajendra Institute of Medical Sciences, Ranchi",UR,89,,,Jharkhand__Jharkhand Round 1 Provisional Allotment.txt,249,
Jharkhand,Jharkhand,2025,R1,CML_OR_SOURCE_RANK,206.0,"Rajendra Institute of Medical Sciences, Ranchi",ST,58,,,Jharkhand__Jharkhand Round 1 Provisional Allotment.txt,252,
Jharkhand,Jharkhand,2025,R1,CML_OR_SOURCE_RANK,208.0,"Rajendra Institute of Medical Sciences, Ranchi",ST,60,,,Jharkhand__Jharkhand Round 1 Provisional Allotment.txt,255,
Jharkhand,Jharkhand,2025,R1,CML_OR_SOURCE_RANK,210.0,"Mahatma Gandhi Memorial Medical College, Jamshedpur",UR,93,,,Jharkhand__Jharkhand Round 1 Provisional Allotment.txt,258,
Jharkhand,Jharkhand,2025,R1,CML_OR_SOURCE_RANK,214.0,"Mahatma Gandhi Memorial Medical College, Jamshedpur",ST,64,,,Jharkhand__Jharkhand Round 1 Provisional Allotment.txt,261,
Jharkhand,Jharkhand,2025,R1,CML_OR_SOURCE_RANK,216.0,"Rajendra Institute of Medical Sciences, Ranchi",ST,68,,,Jharkhand__Jharkhand Round 1 Provisional Allotment.txt,264,
Jharkhand,Jharkhand,2025,R1,CML_OR_SOURCE_RANK,217.0,"Rajendra Institute of Medical Sciences, Ranchi",UR,95,,,Jharkhand__Jharkhand Round 1 Provisional Allotment.txt,267,
Jharkhand,Jharkhand,2025,R1,CML_OR_SOURCE_RANK,218.0,"Rajendra Institute of Medical Sciences, Ranchi",BC-I,82,,,Jharkhand__Jharkhand Round 1 Provisional Allotment.txt,270,
Jharkhand,Jharkhand,2025,R1,CML_OR_SOURCE_RANK,219.0,"Rajendra Institute of Medical Sciences, Ranchi",UR,97,,,Jharkhand__Jharkhand Round 1 Provisional Allotment.txt,273,
Jharkhand,Jharkhand,2025,R1,CML_OR_SOURCE_RANK,220.0,"Mahatma Gandhi Memorial Medical College, Jamshedpur",UR,101,,,Jharkhand__Jharkhand Round 1 Provisional Allotment.txt,276,
Jharkhand,Jharkhand,2025,R1,CML_OR_SOURCE_RANK,221.0,"Rajendra Institute of Medical Sciences, Ranchi",ST,72,,,Jharkhand__Jharkhand Round 1 Provisional Allotment.txt,279,
Jharkhand,Jharkhand,2025,R1,CML_OR_SOURCE_RANK,222.0,"Rajendra Institute of Medical Sciences, Ranchi",SC,96,,,Jharkhand__Jharkhand Round 1 Provisional Allotment.txt,282,
Jharkhand,Jharkhand,2025,R1,CML_OR_SOURCE_RANK,224.0,"Rajendra Institute of Medical Sciences, Ranchi",ST,76,,,Jharkhand__Jharkhand Round 1 Provisional Allotment.txt,285,
Jharkhand,Jharkhand,2025,R1,CML_OR_SOURCE_RANK,225.0,"Rajendra Institute of Medical Sciences, Ranchi",UR,103,,,Jharkhand__Jharkhand Round 1 Provisional Allotment.txt,288,
Jharkhand,Jharkhand,2025,R1,CML_OR_SOURCE_RANK,228.0,"Mahatma Gandhi Memorial Medical College, Jamshedpur",ST,80,,,Jharkhand__Jharkhand Round 1 Provisional Allotment.txt,291,
Jharkhand,Jharkhand,2025,R1,CML_OR_SOURCE_RANK,243.0,"Mahatma Gandhi Memorial Medical College, Jamshedpur",BC-I,98,,,Jharkhand__Jharkhand Round 1 Provisional Allotment.txt,294,
Jharkhand,Jharkhand,2025,R1,CML_OR_SOURCE_RANK,252.0,"Rajendra Institute of Medical Sciences, Ranchi",UR,105,,,Jharkhand__Jharkhand Round 1 Provisional Allotment.txt,313,
Jharkhand,Jharkhand,2025,R1,CML_OR_SOURCE_RANK,255.0,"Rajendra Institute of Medical Sciences, Ranchi",ST,84,,,Jharkhand__Jharkhand Round 1 Provisional Allotment.txt,316,
Jharkhand,Jharkhand,2025,R1,CML_OR_SOURCE_RANK,262.0,"Rajendra Institute of Medical Sciences, Ranchi",ST,88,,,Jharkhand__Jharkhand Round 1 Provisional Allotment.txt,319,
Jharkhand,Jharkhand,2025,R1,CML_OR_SOURCE_RANK,266.0,"Rajendra Institute of Medical Sciences, Ranchi",UR,107,,,Jharkhand__Jharkhand Round 1 Provisional Allotment.txt,322,
Jharkhand,Jharkhand,2025,R1,CML_OR_SOURCE_RANK,268.0,"Rajendra Institute of Medical Sciences, Ranchi",ST,92,,,Jharkhand__Jharkhand Round 1 Provisional Allotment.txt,325,
Jharkhand,Jharkhand,2025,R1,CML_OR_SOURCE_RANK,271.0,"Rajendra Institute of Medical Sciences, Ranchi",ST,94,,,Jharkhand__Jharkhand Round 1 Provisional Allotment.txt,328,
