counselling,state,year,round,rank_type,college,course,opening_rank,closing_rank,allotment_count
Jharkhand,Jharkhand,2025,R1,CML_OR_SOURCE_RANK,"College, Jamshedpur Rajendra Institute of Medical Sciences,",M.D. (General Medicine),145.0,145.0,1
Jharkhand,Jharkhand,2025,R1,CML_OR_SOURCE_RANK,"Mahatma Gandhi Memorial Medical College, Jamshedpur",BC-I,45.0,243.0,2
Jharkhand,Jharkhand,2025,R1,CML_OR_SOURCE_RANK,"Mahatma Gandhi Memorial Medical College, Jamshedpur",BC-II,39.0,39.0,1
Jharkhand,Jharkhand,2025,R1,CML_OR_SOURCE_RANK,"Mahatma Gandhi Memorial Medical College, Jamshedpur",EWS,19.0,71.0,3
Jharkhand,Jharkhand,2025,R1,CML_OR_SOURCE_RANK,"Mahatma Gandhi Memorial Medical College, Jamshedpur",SC,138.0,166.0,2
Jharkhand,Jharkhand,2025,R1,CML_OR_SOURCE_RANK,"Mahatma Gandhi Memorial Medical College, Jamshedpur",ST,177.0,228.0,3
Jharkhand,Jharkhand,2025,R1,CML_OR_SOURCE_RANK,"Mahatma Gandhi Memorial Medical College, Jamshedpur",UR,18.0,220.0,8
Jharkhand,Jharkhand,2025,R1,CML_OR_SOURCE_RANK,"Mahatma Gandhi Memorial Medical M.S. College, Jamshedpur (Otorhinolaryngology) ENT",78,84.0,84.0,1
Jharkhand,Jharkhand,2025,R1,CML_OR_SOURCE_RANK,Post M.B.B.S D.N.B (Obst. & Gyne),UR,93.0,93.0,1
Jharkhand,Jharkhand,2025,R1,CML_OR_SOURCE_RANK,"Rajendra Institute of Medical Sciences, M.D. (Derm., Ven. & Ranchi Leprosy)",UR,0.0,0.0,2
Jharkhand,Jharkhand,2025,R1,CML_OR_SOURCE_RANK,"Rajendra Institute of Medical Sciences, Ranchi",44,14.0,14.0,1
Jharkhand,Jharkhand,2025,R1,CML_OR_SOURCE_RANK,"Rajendra Institute of Medical Sciences, Ranchi",BC-I,29.0,218.0,4
Jharkhand,Jharkhand,2025,R1,CML_OR_SOURCE_RANK,"Rajendra Institute of Medical Sciences, Ranchi",BC-II,17.0,32.0,2
Jharkhand,Jharkhand,2025,R1,CML_OR_SOURCE_RANK,"Rajendra Institute of Medical Sciences, Ranchi",EWS,25.0,73.0,3
Jharkhand,Jharkhand,2025,R1,CML_OR_SOURCE_RANK,"Rajendra Institute of Medical Sciences, Ranchi",M.D. (General Medicine),0.0,0.0,2
Jharkhand,Jharkhand,2025,R1,CML_OR_SOURCE_RANK,"Rajendra Institute of Medical Sciences, Ranchi",M.D. (Radiology),0.0,0.0,2
Jharkhand,Jharkhand,2025,R1,CML_OR_SOURCE_RANK,"Rajendra Institute of Medical Sciences, Ranchi",SC,110.0,222.0,7
Jharkhand,Jharkhand,2025,R1,CML_OR_SOURCE_RANK,"Rajendra Institute of Medical Sciences, Ranchi",ST,72.0,271.0,20
Jharkhand,Jharkhand,2025,R1,CML_OR_SOURCE_RANK,"Rajendra Institute of Medical Sciences, Ranchi",UR,14.0,266.0,27
Jharkhand,Jharkhand,2025,R1,CML_OR_SOURCE_RANK,Ranchi Mahatma Gandhi Memorial Medical,M.S. (Orthopedics),55.0,55.0,1
Jharkhand,Jharkhand,2025,R1,CML_OR_SOURCE_RANK,"Ranchi Rajendra Institute of Medical Sciences,",M.D. (General Medicine),23.0,174.0,2
Jharkhand,Jharkhand,2025,R2,CML_OR_SOURCE_RANK,Gandhi Memorial Medical M.D./ M.S. (Obs. & Jamshedpur Gynae.),18,203.0,203.0,1
Jharkhand,Jharkhand,2025,R2,CML_OR_SOURCE_RANK,"Institute of Medical Sciences,",EWS,35.0,35.0,1
Jharkhand,Jharkhand,2025,R2,CML_OR_SOURCE_RANK,"Institute of Medical Sciences,",ST,233.0,233.0,1
Jharkhand,Jharkhand,2025,R2,CML_OR_SOURCE_RANK,"Institute of Medical Sciences,",UR,25.0,25.0,1
Jharkhand,Jharkhand,2025,R2,CML_OR_SOURCE_RANK,"Institute of Medical Sciences, M.D. (Derm., Ven. & Rajendra Institute of Medical Leprosy) Sciences, Ranchi",2,128.0,128.0,1
Jharkhand,Jharkhand,2025,R2,CML_OR_SOURCE_RANK,"Institute of Medical Sciences, Mahatma Gandhi Memorial Medical College, Jamshedpur",BC-II,40.0,40.0,1
Jharkhand,Jharkhand,2025,R2,CML_OR_SOURCE_RANK,"Institute of Medical Sciences, Mahatma Gandhi Memorial Medical College, Jamshedpur",SC,168.0,168.0,1
Jharkhand,Jharkhand,2025,R2,CML_OR_SOURCE_RANK,"Institute of Medical Sciences, Mahatma Gandhi Memorial Medical College, Jamshedpur",ST,179.0,179.0,1
Jharkhand,Jharkhand,2025,R2,CML_OR_SOURCE_RANK,"Institute of Medical Sciences, Rajendra Institute of Medical M.S. (Ophthalmology) Sciences, Ranchi EYE",ST,230.0,230.0,1
Jharkhand,Jharkhand,2025,R2,CML_OR_SOURCE_RANK,"Institute of Medical Sciences, Rajendra Institute of Medical Sciences, Ranchi",ST,153.0,153.0,1
Jharkhand,Jharkhand,2025,R2,CML_OR_SOURCE_RANK,"M.D./ M.S. (Obs. & Rajendra Institute of Medical Gynae.) Sciences, Ranchi",UR,61.0,61.0,1
Jharkhand,Jharkhand,2025,R2,CML_OR_SOURCE_RANK,Post M.B.B.S D.N.B (Obst. & Gyne),UR,228.0,228.0,1
Jharkhand,Jharkhand,2025,R2,CML_OR_SOURCE_RANK,Post M.B.B.S D.N.B . (General Surgery),UR,232.0,232.0,1
Jharkhand,Jharkhand,2025,R2,CML_OR_SOURCE_RANK,dhi Memorial Medical mshedpur,ST,234.0,234.0,1
Jharkhand,Jharkhand,2025,R2,CML_OR_SOURCE_RANK,"stitute of Medical Sciences,",ST,235.0,235.0,1
Jharkhand,Jharkhand,2025,R2,CML_OR_SOURCE_RANK,"stitute of Medical Sciences,",UR,88.0,229.0,3
Jharkhand,Jharkhand,2025,R2,CML_OR_SOURCE_RANK,"stitute of Medical Sciences, M.D. (Community Rajendra Institute of Medical Medicine) Sciences, Ranchi",63,231.0,231.0,1
Jharkhand,Jharkhand,2025,R2,CML_OR_SOURCE_RANK,"stitute of Medical Sciences, M.S. (Ophthalmology) EYE",50,241.0,241.0,1
