counselling,state,year,rank_type,college,course,allotment_count_R1,allotment_count_R2,allotment_count_R3,allotment_count_STRAY,closing_rank_R1,closing_rank_R2,closing_rank_R3,closing_rank_STRAY,opening_rank_R1,opening_rank_R2,opening_rank_R3,opening_rank_STRAY
MP,Madhya Pradesh,2025,NEET_AIR,AMALTAS INSTITUTE OF MEDICAL SCIENCES DEWAS,MD ANAESTHESIOLOGY,,,2.0,,,,5340.0,,,,5125.0,
MP,Madhya Pradesh,2025,NEET_AIR,AMALTAS INSTITUTE OF MEDICAL SCIENCES DEWAS,MD AND LEPROSY,,1.0,,,,1219.0,,,,1219.0,,
MP,Madhya Pradesh,2025,NEET_AIR,AMALTAS INSTITUTE OF MEDICAL SCIENCES DEWAS,MD COMMUNITY MEDICINE,,,1.0,,,,4454.0,,,,4454.0,
MP,Madhya Pradesh,2025,NEET_AIR,AMALTAS INSTITUTE OF MEDICAL SCIENCES DEWAS,MD EMERGENCY MEDICINE,,1.0,3.0,,,2512.0,5290.0,,,2512.0,2269.0,
MP,Madhya Pradesh,2025,NEET_AIR,AMALTAS INSTITUTE OF MEDICAL SCIENCES DEWAS,MD GENERAL MEDICINE,,2.0,3.0,,,632.0,4579.0,,,606.0,634.0,
MP,Madhya Pradesh,2025,NEET_AIR,AMALTAS INSTITUTE OF MEDICAL SCIENCES DEWAS,MD LEPROSY,,,2.0,,,,4999.0,,,,1241.0,
MP,Madhya Pradesh,2025,NEET_AIR,AMALTAS INSTITUTE OF MEDICAL SCIENCES DEWAS,MD PAEDIATRICS,,2.0,1.0,,,3377.0,3573.0,,,1329.0,3573.0,
MP,Madhya Pradesh,2025,NEET_AIR,AMALTAS INSTITUTE OF MEDICAL SCIENCES DEWAS,MD PATHOLOGY,,1.0,2.0,,,2865.0,5335.0,,,2865.0,4329.0,
MP,Madhya Pradesh,2025,NEET_AIR,AMALTAS INSTITUTE OF MEDICAL SCIENCES DEWAS,MD PSYCHIATRY,,,3.0,,,,4365.0,,,,4070.0,
MP,Madhya Pradesh,2025,NEET_AIR,AMALTAS INSTITUTE OF MEDICAL SCIENCES DEWAS,MD RADIODIAGNOSIS,,3.0,5.0,,,1047.0,5057.0,,,383.0,384.0,
MP,Madhya Pradesh,2025,NEET_AIR,AMALTAS INSTITUTE OF MEDICAL SCIENCES DEWAS,MD RESPIRATORY MEDICINE,,1.0,,,,1536.0,,,,1536.0,,
MP,Madhya Pradesh,2025,NEET_AIR,AMALTAS INSTITUTE OF MEDICAL SCIENCES DEWAS,MS (ENT),,1.0,,,,2664.0,,,,2664.0,,
MP,Madhya Pradesh,2025,NEET_AIR,AMALTAS INSTITUTE OF MEDICAL SCIENCES DEWAS,MS GENERAL SURGERY,,2.0,5.0,,,2722.0,4036.0,,,1866.0,1918.0,
MP,Madhya Pradesh,2025,NEET_AIR,AMALTAS INSTITUTE OF MEDICAL SCIENCES DEWAS,MS GY (ENT),,,1.0,,,,2763.0,,,,2763.0,
MP,Madhya Pradesh,2025,NEET_AIR,AMALTAS INSTITUTE OF MEDICAL SCIENCES DEWAS,MS GYNAECOLOGY,,2.0,2.0,,,3490.0,3888.0,,,858.0,864.0,
MP,Madhya Pradesh,2025,NEET_AIR,AMALTAS INSTITUTE OF MEDICAL SCIENCES DEWAS,MS OBSTETRICS AND GYNAECOLOGY,,,2.0,,,,4992.0,,,,4203.0,
MP,Madhya Pradesh,2025,NEET_AIR,AMALTAS INSTITUTE OF MEDICAL SCIENCES DEWAS,MS OPHTHALMOLOGY,,1.0,3.0,,,2003.0,5166.0,,,2003.0,2063.0,
MP,Madhya Pradesh,2025,NEET_AIR,AMALTAS INSTITUTE OF MEDICAL SCIENCES DEWAS,MS ORTHOPAEDICS,,2.0,3.0,,,3258.0,5285.0,,,1555.0,3432.0,
MP,Madhya Pradesh,2025,NEET_AIR,AMALTAS INSTITUTE OF MEDICAL SCIENCES DEWAS,MS OTORHINOLARYNGOLOGY (ENT),,,2.0,,,,5315.0,,,,4361.0,
MP,Madhya Pradesh,2025,NEET_AIR,ANAESTHESIOLOGY,Govt Clinical,5.0,,5.0,,536.0,,4538.0,,240.0,,3444.0,
MP,Madhya Pradesh,2025,NEET_AIR,ANAESTHESIOLOGY,Private Clinical,5.0,,59.0,,483.0,,5283.0,,318.0,,1866.0,
MP,Madhya Pradesh,2025,NEET_AIR,ANATOMY,Govt Non Clinical,1.0,,1.0,,324.0,,4198.0,,324.0,,4198.0,
MP,Madhya Pradesh,2025,NEET_AIR,AND LEPROSY,Govt Clinical,1.0,,,,259.0,,,,259.0,,,
MP,Madhya Pradesh,2025,NEET_AIR,AND LEPROSY,Private Clinical,2.0,,,,287.0,,,,254.0,,,
MP,Madhya Pradesh,2025,NEET_AIR,BHOPAL,MD ANAESTHESIOLOGY,7.0,,,,77170.0,,,,43593.0,,,
MP,Madhya Pradesh,2025,NEET_AIR,BHOPAL,MD AND LEPROSY,2.0,,,,20200.0,,,,7743.0,,,
MP,Madhya Pradesh,2025,NEET_AIR,BHOPAL,MD EMERGENCY MEDICINE,1.0,,,,56327.0,,,,56327.0,,,
MP,Madhya Pradesh,2025,NEET_AIR,BHOPAL,MD GENERAL MEDICINE,3.0,,,,51726.0,,,,12636.0,,,
MP,Madhya Pradesh,2025,NEET_AIR,BHOPAL,MD PAEDIATRICS,6.0,,,,88421.0,,,,16938.0,,,
MP,Madhya Pradesh,2025,NEET_AIR,BHOPAL,MD PATHOLOGY,2.0,,,,92469.0,,,,68173.0,,,
MP,Madhya Pradesh,2025,NEET_AIR,BHOPAL,MD PSYCHIATRY,1.0,,,,28184.0,,,,28184.0,,,
MP,Madhya Pradesh,2025,NEET_AIR,BHOPAL,MD RADIATION ONCOLOGY,1.0,,,,26523.0,,,,26523.0,,,
MP,Madhya Pradesh,2025,NEET_AIR,BHOPAL,MD RADIODIAGNOSIS,3.0,,,,83881.0,,,,10628.0,,,
MP,Madhya Pradesh,2025,NEET_AIR,BHOPAL,MS GENERAL SURGERY,5.0,,,,63891.0,,,,24847.0,,,
MP,Madhya Pradesh,2025,NEET_AIR,BHOPAL,MS OBSTETRICS AND GYNAECOLOGY,1.0,,,,18438.0,,,,18438.0,,,
MP,Madhya Pradesh,2025,NEET_AIR,BHOPAL,MS OBSTETRICS AND GYNAECOLOGY Clinical,1.0,,,,22100.0,,,,22100.0,,,
MP,Madhya Pradesh,2025,NEET_AIR,BHOPAL,MS OPHTHALMOLOGY,2.0,,,,54190.0,,,,24750.0,,,
MP,Madhya Pradesh,2025,NEET_AIR,BHOPAL,MS ORTHOPAEDICS,2.0,,,,32552.0,,,,24231.0,,,
MP,Madhya Pradesh,2025,NEET_AIR,BHOPAL,MS OTORHINOLARYNGOLOGY (ENT),2.0,,,,39080.0,,,,32936.0,,,
MP,Madhya Pradesh,2025,NEET_AIR,BIOCHEMISTRY,Govt Non Clinical,1.0,,1.0,,280.0,,4642.0,,280.0,,4642.0,
MP,Madhya Pradesh,2025,NEET_AIR,BIOCHEMISTRY,Govt Non Clinical INST/UR/X/OP,1.0,,,,280.0,,,,280.0,,,
MP,Madhya Pradesh,2025,NEET_AIR,BIOCHEMISTRY,Private Non Clinical,,,1.0,,,,4881.0,,,,4881.0,
MP,Madhya Pradesh,2025,NEET_AIR,BLOOD TRANSFUSION,Private Non Clinical,,,3.0,,,,4854.0,,,,4527.0,
MP,Madhya Pradesh,2025,NEET_AIR,BUNDELKHAND MEDICAL COLLEGE SAGAR,MD ANAESTHESIOLOGY,2.0,2.0,2.0,,45774.0,1812.0,4010.0,,21560.0,623.0,1862.0,
MP,Madhya Pradesh,2025,NEET_AIR,BUNDELKHAND MEDICAL COLLEGE SAGAR,MD COMMUNITY MEDICINE,1.0,,2.0,,52987.0,,4613.0,,52987.0,,4234.0,
MP,Madhya Pradesh,2025,NEET_AIR,BUNDELKHAND MEDICAL COLLEGE SAGAR,MD EMERGENCY MEDICINE,1.0,,,,55845.0,,,,55845.0,,,
MP,Madhya Pradesh,2025,NEET_AIR,BUNDELKHAND MEDICAL COLLEGE SAGAR,MD GENERAL MEDICINE,4.0,4.0,1.0,,78315.0,2121.0,1457.0,,2232.0,649.0,1457.0,
MP,Madhya Pradesh,2025,NEET_AIR,BUNDELKHAND MEDICAL COLLEGE SAGAR,MD MEDICINE,,,1.0,,,,393.0,,,,393.0,
MP,Madhya Pradesh,2025,NEET_AIR,BUNDELKHAND MEDICAL COLLEGE SAGAR,MD PAEDIATRICS,1.0,1.0,2.0,,7296.0,220.0,4155.0,,7296.0,220.0,220.0,
MP,Madhya Pradesh,2025,NEET_AIR,BUNDELKHAND MEDICAL COLLEGE SAGAR,MD PATHOLOGY,1.0,,,,33556.0,,,,33556.0,,,
MP,Madhya Pradesh,2025,NEET_AIR,BUNDELKHAND MEDICAL COLLEGE SAGAR,MD PHARMACOLOGY,,,1.0,,,,4735.0,,,,4735.0,
MP,Madhya Pradesh,2025,NEET_AIR,BUNDELKHAND MEDICAL COLLEGE SAGAR,MD RESPIRATORY MEDICINE,1.0,2.0,1.0,,11861.0,544.0,546.0,,11861.0,392.0,546.0,
MP,Madhya Pradesh,2025,NEET_AIR,BUNDELKHAND MEDICAL COLLEGE SAGAR,MD TOXICOLOGY,1.0,,2.0,,82419.0,,5323.0,,82419.0,,4457.0,
MP,Madhya Pradesh,2025,NEET_AIR,BUNDELKHAND MEDICAL COLLEGE SAGAR,MS (ENT),,2.0,,,,1717.0,,,,613.0,,
MP,Madhya Pradesh,2025,NEET_AIR,BUNDELKHAND MEDICAL COLLEGE SAGAR,MS GENERAL SURGERY,2.0,2.0,1.0,,13233.0,504.0,506.0,,11502.0,377.0,506.0,
MP,Madhya Pradesh,2025,NEET_AIR,BUNDELKHAND MEDICAL COLLEGE SAGAR,MS GY (ENT),,,1.0,,,,1766.0,,,,1766.0,
MP,Madhya Pradesh,2025,NEET_AIR,BUNDELKHAND MEDICAL COLLEGE SAGAR,MS OBSTETRICS AND GYNAECOLOGY,1.0,,,,6234.0,,,,6234.0,,,
MP,Madhya Pradesh,2025,NEET_AIR,BUNDELKHAND MEDICAL COLLEGE SAGAR,MS OBSTETRICS AND GYNAECOLOGY Clinical,2.0,,,,26487.0,,,,9528.0,,,
MP,Madhya Pradesh,2025,NEET_AIR,BUNDELKHAND MEDICAL COLLEGE SAGAR,MS OPHTHALMOLOGY,2.0,2.0,3.0,,73286.0,2500.0,4380.0,,12731.0,423.0,424.0,
MP,Madhya Pradesh,2025,NEET_AIR,BUNDELKHAND MEDICAL COLLEGE SAGAR,MS ORTHOPAEDICS,2.0,3.0,1.0,,40391.0,2977.0,3111.0,,11673.0,384.0,3111.0,
MP,Madhya Pradesh,2025,NEET_AIR,BUNDELKHAND MEDICAL COLLEGE SAGAR,MS OTORHINOLARYNGOLOGY (ENT),1.0,,,,75377.0,,,,75377.0,,,
MP,Madhya Pradesh,2025,NEET_AIR,CENTER INDORE,MD ANAESTHESIOLOGY,,10.0,5.0,,,3457.0,5268.0,,,1829.0,2574.0,
MP,Madhya Pradesh,2025,NEET_AIR,CENTER INDORE,MD AND LEPROSY,,1.0,,,,2555.0,,,,2555.0,,
MP,Madhya Pradesh,2025,NEET_AIR,CENTER INDORE,MD COMMUNITY MEDICINE,,,1.0,,,,5250.0,,,,5250.0,
MP,Madhya Pradesh,2025,NEET_AIR,CENTER INDORE,MD GENERAL MEDICINE,,5.0,7.0,,,2580.0,4637.0,,,526.0,801.0,
MP,Madhya Pradesh,2025,NEET_AIR,CENTER INDORE,MD LEPROSY,,,1.0,,,,4756.0,,,,4756.0,
MP,Madhya Pradesh,2025,NEET_AIR,CENTER INDORE,MD MEDICINE,,,1.0,,,,1547.0,,,,1547.0,
MP,Madhya Pradesh,2025,NEET_AIR,CENTER INDORE,MD PAEDIATRICS,,4.0,3.0,,,1753.0,1802.0,,,1178.0,1198.0,
MP,Madhya Pradesh,2025,NEET_AIR,CENTER INDORE,MD PATHOLOGY,,2.0,1.0,,,3508.0,3598.0,,,3398.0,3598.0,
MP,Madhya Pradesh,2025,NEET_AIR,CENTER INDORE,MD PHARMACOLOGY,,1.0,,,,3393.0,,,,3393.0,,
MP,Madhya Pradesh,2025,NEET_AIR,CENTER INDORE,MD PSYCHIATRY,,,2.0,,,,4508.0,,,,4188.0,
MP,Madhya Pradesh,2025,NEET_AIR,CENTER INDORE,MD RADIODIAGNOSIS,,2.0,9.0,,,2534.0,5007.0,,,417.0,418.0,
MP,Madhya Pradesh,2025,NEET_AIR,CENTER INDORE,MD RESPIRATORY MEDICINE,,2.0,2.0,,,1939.0,4838.0,,,1512.0,1995.0,
MP,Madhya Pradesh,2025,NEET_AIR,CENTER INDORE,MS GENERAL SURGERY,,9.0,17.0,,,2589.0,5304.0,,,1634.0,1835.0,
MP,Madhya Pradesh,2025,NEET_AIR,CENTER INDORE,MS GYNAECOLOGY,,5.0,4.0,,,3463.0,3769.0,,,922.0,933.0,
MP,Madhya Pradesh,2025,NEET_AIR,CENTER INDORE,MS OBSTETRICS AND GYNAECOLOGY,,,4.0,,,,5296.0,,,,5075.0,
MP,Madhya Pradesh,2025,NEET_AIR,CENTER INDORE,MS OPHTHALMOLOGY,,1.0,1.0,,,2558.0,4872.0,,,2558.0,4872.0,
MP,Madhya Pradesh,2025,NEET_AIR,CENTER INDORE,MS ORTHOPAEDICS,,7.0,4.0,,,1942.0,3950.0,,,1383.0,1706.0,
MP,Madhya Pradesh,2025,NEET_AIR,CENTER INDORE,MS OTORHINOLARYNGOLOGY (ENT),,,2.0,,,,5121.0,,,,4158.0,
MP,Madhya Pradesh,2025,NEET_AIR,CENTRE BHOPAL,MD ANAESTHESIOLOGY,,1.0,3.0,,,3434.0,4621.0,,,3434.0,3652.0,
MP,Madhya Pradesh,2025,NEET_AIR,CENTRE BHOPAL,MD COMMUNITY MEDICINE,,1.0,3.0,,,3291.0,5310.0,,,3291.0,5277.0,
MP,Madhya Pradesh,2025,NEET_AIR,CENTRE BHOPAL,MD EMERGENCY MEDICINE,,,1.0,,,,5107.0,,,,5107.0,
MP,Madhya Pradesh,2025,NEET_AIR,CENTRE BHOPAL,MD GENERAL MEDICINE,,2.0,2.0,,,844.0,4374.0,,,796.0,850.0,
MP,Madhya Pradesh,2025,NEET_AIR,CENTRE BHOPAL,MD LEPROSY,,,1.0,,,,4812.0,,,,4812.0,
MP,Madhya Pradesh,2025,NEET_AIR,CENTRE BHOPAL,MD PAEDIATRICS,,2.0,2.0,,,1994.0,4715.0,,,1275.0,1298.0,
MP,Madhya Pradesh,2025,NEET_AIR,CENTRE BHOPAL,MD PATHOLOGY,,,1.0,,,,3704.0,,,,3704.0,
MP,Madhya Pradesh,2025,NEET_AIR,CENTRE BHOPAL,MD PHARMACOLOGY,,1.0,1.0,,,3501.0,3834.0,,,3501.0,3834.0,
MP,Madhya Pradesh,2025,NEET_AIR,CENTRE BHOPAL,MD RADIODIAGNOSIS,,,1.0,,,,4044.0,,,,4044.0,
MP,Madhya Pradesh,2025,NEET_AIR,CENTRE BHOPAL,MS GENERAL SURGERY,,1.0,3.0,,,1886.0,4790.0,,,1886.0,1938.0,
MP,Madhya Pradesh,2025,NEET_AIR,CENTRE BHOPAL,MS GYNAECOLOGY,,1.0,,,,1430.0,,,,1430.0,,
MP,Madhya Pradesh,2025,NEET_AIR,CENTRE BHOPAL,MS OBSTETRICS AND GYNAECOLOGY,,,2.0,,,,5295.0,,,,5266.0,
MP,Madhya Pradesh,2025,NEET_AIR,CENTRE BHOPAL,MS OPHTHALMOLOGY,,1.0,1.0,,,2485.0,2573.0,,,2485.0,2573.0,
MP,Madhya Pradesh,2025,NEET_AIR,CENTRE BHOPAL,MS ORTHOPAEDICS,,1.0,,,,1624.0,,,,1624.0,,
MP,Madhya Pradesh,2025,NEET_AIR,CHHINDWARA,MD ANAESTHESIOLOGY,2.0,1.0,,,89559.0,2564.0,,,19703.0,2564.0,,
MP,Madhya Pradesh,2025,NEET_AIR,CHHINDWARA,MD COMMUNITY MEDICINE,1.0,,2.0,,65280.0,,5332.0,,65280.0,,5056.0,
MP,Madhya Pradesh,2025,NEET_AIR,CHHINDWARA,MD MICROBIOLOGY,1.0,,,,125748.0,,,,125748.0,,,
MP,Madhya Pradesh,2025,NEET_AIR,CHHINDWARA,MD PATHOLOGY,1.0,,,,39110.0,,,,39110.0,,,
MP,Madhya Pradesh,2025,NEET_AIR,CHHINDWARA,MD PHARMACOLOGY,,1.0,,,,3369.0,,,,3369.0,,
MP,Madhya Pradesh,2025,NEET_AIR,CHHINDWARA,MD PHYSIOLOGY,,,1.0,,,,5263.0,,,,5263.0,
MP,Madhya Pradesh,2025,NEET_AIR,CHHINDWARA,MD TOXICOLOGY,,1.0,2.0,,,1348.0,5059.0,,,1348.0,5033.0,
MP,Madhya Pradesh,2025,NEET_AIR,CHHINDWARA,MS (ENT),,1.0,,,,2631.0,,,,2631.0,,
MP,Madhya Pradesh,2025,NEET_AIR,CHHINDWARA,MS GENERAL SURGERY,1.0,1.0,1.0,,13692.0,465.0,466.0,,13692.0,465.0,466.0,
MP,Madhya Pradesh,2025,NEET_AIR,CHHINDWARA,MS GY (ENT),,,1.0,,,,2728.0,,,,2728.0,
MP,Madhya Pradesh,2025,NEET_AIR,CHHINDWARA,MS OBSTETRICS AND GYNAECOLOGY,1.0,,1.0,,7753.0,,3594.0,,7753.0,,3594.0,
MP,Madhya Pradesh,2025,NEET_AIR,CHHINDWARA,MS ORTHOPAEDICS,1.0,1.0,,,11735.0,2523.0,,,11735.0,2523.0,,
MP,Madhya Pradesh,2025,NEET_AIR,CHHINDWARA,MS OTORHINOLARYNGOLOGY (ENT),2.0,,,,78181.0,,,,16813.0,,,
MP,Madhya Pradesh,2025,NEET_AIR,CHIRAYU MEDICAL COLLEGE AND HOSPITAL BHOPAL,MD ANAESTHESIOLOGY,,2.0,3.0,,,1925.0,5131.0,,,1597.0,5093.0,
MP,Madhya Pradesh,2025,NEET_AIR,CHIRAYU MEDICAL COLLEGE AND HOSPITAL BHOPAL,MD AND LEPROSY,,2.0,,,,722.0,,,,237.0,,
MP,Madhya Pradesh,2025,NEET_AIR,CHIRAYU MEDICAL COLLEGE AND HOSPITAL BHOPAL,MD EMERGENCY MEDICINE,,,1.0,,,,2169.0,,,,2169.0,
MP,Madhya Pradesh,2025,NEET_AIR,CHIRAYU MEDICAL COLLEGE AND HOSPITAL BHOPAL,MD GENERAL MEDICINE,,4.0,3.0,,,2508.0,4104.0,,,420.0,1914.0,
MP,Madhya Pradesh,2025,NEET_AIR,CHIRAYU MEDICAL COLLEGE AND HOSPITAL BHOPAL,MD LEPROSY,,,1.0,,,,727.0,,,,727.0,
MP,Madhya Pradesh,2025,NEET_AIR,CHIRAYU MEDICAL COLLEGE AND HOSPITAL BHOPAL,MD PAEDIATRICS,,4.0,5.0,,,2856.0,5265.0,,,593.0,595.0,
MP,Madhya Pradesh,2025,NEET_AIR,CHIRAYU MEDICAL COLLEGE AND HOSPITAL BHOPAL,MD PATHOLOGY,,2.0,1.0,,,2937.0,4462.0,,,2362.0,4462.0,
MP,Madhya Pradesh,2025,NEET_AIR,CHIRAYU MEDICAL COLLEGE AND HOSPITAL BHOPAL,MD PSYCHIATRY,,1.0,4.0,,,1064.0,3737.0,,,1064.0,1081.0,
MP,Madhya Pradesh,2025,NEET_AIR,CHIRAYU MEDICAL COLLEGE AND HOSPITAL BHOPAL,MD RADIATION ONCOLOGY,,,2.0,,,,4595.0,,,,3480.0,
MP,Madhya Pradesh,2025,NEET_AIR,CHIRAYU MEDICAL COLLEGE AND HOSPITAL BHOPAL,MD RADIODIAGNOSIS,,1.0,1.0,,,349.0,349.0,,,349.0,349.0,
MP,Madhya Pradesh,2025,NEET_AIR,CHIRAYU MEDICAL COLLEGE AND HOSPITAL BHOPAL,MD RESPIRATORY MEDICINE,,1.0,,,,1463.0,,,,1463.0,,
MP,Madhya Pradesh,2025,NEET_AIR,CHIRAYU MEDICAL COLLEGE AND HOSPITAL BHOPAL,MS GENERAL SURGERY,,2.0,4.0,,,2212.0,4650.0,,,988.0,1000.0,
MP,Madhya Pradesh,2025,NEET_AIR,CHIRAYU MEDICAL COLLEGE AND HOSPITAL BHOPAL,MS GYNAECOLOGY,,1.0,1.0,,,805.0,811.0,,,805.0,811.0,
MP,Madhya Pradesh,2025,NEET_AIR,CHIRAYU MEDICAL COLLEGE AND HOSPITAL BHOPAL,MS OBSTETRICS AND GYNAECOLOGY,,,2.0,,,,5040.0,,,,4372.0,
MP,Madhya Pradesh,2025,NEET_AIR,CHIRAYU MEDICAL COLLEGE AND HOSPITAL BHOPAL,MS OPHTHALMOLOGY,,1.0,,,,3506.0,,,,3506.0,,
MP,Madhya Pradesh,2025,NEET_AIR,CHIRAYU MEDICAL COLLEGE AND HOSPITAL BHOPAL,MS ORTHOPAEDICS,,,4.0,,,,5078.0,,,,3921.0,
MP,Madhya Pradesh,2025,NEET_AIR,CHIRAYU MEDICAL COLLEGE AND HOSPITAL BHOPAL,MS OTORHINOLARYNGOLOGY (ENT),,,2.0,,,,5045.0,,,,3509.0,
MP,Madhya Pradesh,2025,NEET_AIR,CHIRAYU MEDICAL COLLEGE AND HOSPITAL BHOPAL AND LEPROSY,MD Clinical,,1.0,,,,486.0,,,,486.0,,
MP,Madhya Pradesh,2025,NEET_AIR,CHIRAYU MEDICAL COLLEGE AND HOSPITAL BHOPAL EMERGENCY MEDICINE,MD Clinical,,1.0,,,,2104.0,,,,2104.0,,
MP,Madhya Pradesh,2025,NEET_AIR,CHIRAYU MEDICAL COLLEGE AND HOSPITAL BHOPAL GENERAL SURGERY,MS Clinical,,1.0,,,,1628.0,,,,1628.0,,
MP,Madhya Pradesh,2025,NEET_AIR,CHIRAYU MEDICAL COLLEGE AND HOSPITAL BHOPAL GYNAECOLOGY,MS Clinical,,1.0,,,,3336.0,,,,3336.0,,
MP,Madhya Pradesh,2025,NEET_AIR,CHIRAYU MEDICAL COLLEGE AND HOSPITAL BHOPAL PAEDIATRICS,MD Clinical,,1.0,,,,1072.0,,,,1072.0,,
MP,Madhya Pradesh,2025,NEET_AIR,CHIRAYU MEDICAL COLLEGE AND HOSPITAL BHOPAL PATHOLOGY,MD Non Clinical UR/X/OP,,1.0,,,,1794.0,,,,1794.0,,
MP,Madhya Pradesh,2025,NEET_AIR,CHIRAYU MEDICAL COLLEGE AND HOSPITAL BHOPAL PSYCHIATRY,MD Clinical,,1.0,,,,2341.0,,,,2341.0,,
MP,Madhya Pradesh,2025,NEET_AIR,COLLEGE INDORE,MD ANAESTHESIOLOGY,10.0,,,,53070.0,,,,10029.0,,,
MP,Madhya Pradesh,2025,NEET_AIR,COLLEGE INDORE,MD AND LEPROSY,1.0,,,,19786.0,,,,19786.0,,,
MP,Madhya Pradesh,2025,NEET_AIR,COLLEGE INDORE,MD BIOCHEMISTRY,1.0,,,,81434.0,,,,81434.0,,,
MP,Madhya Pradesh,2025,NEET_AIR,COLLEGE INDORE,MD BLOOD TRANSFUSION,2.0,,,,84043.0,,,,20002.0,,,
MP,Madhya Pradesh,2025,NEET_AIR,COLLEGE INDORE,MD COMMUNITY MEDICINE,2.0,,,,38520.0,,,,35423.0,,,
MP,Madhya Pradesh,2025,NEET_AIR,COLLEGE INDORE,MD EMERGENCY MEDICINE,2.0,,,,34464.0,,,,11279.0,,,
MP,Madhya Pradesh,2025,NEET_AIR,COLLEGE INDORE,MD GENERAL MEDICINE,15.0,,,,90392.0,,,,486.0,,,
MP,Madhya Pradesh,2025,NEET_AIR,COLLEGE INDORE,MD MICROBIOLOGY,2.0,,,,67180.0,,,,49715.0,,,
MP,Madhya Pradesh,2025,NEET_AIR,COLLEGE INDORE,MD PAEDIATRICS,7.0,,,,89335.0,,,,2249.0,,,
MP,Madhya Pradesh,2025,NEET_AIR,COLLEGE INDORE,MD PATHOLOGY,4.0,,,,53174.0,,,,16072.0,,,
MP,Madhya Pradesh,2025,NEET_AIR,COLLEGE INDORE,MD PHARMACOLOGY,3.0,,,,49044.0,,,,34303.0,,,
MP,Madhya Pradesh,2025,NEET_AIR,COLLEGE INDORE,MD PHYSIOLOGY,1.0,,,,73883.0,,,,73883.0,,,
MP,Madhya Pradesh,2025,NEET_AIR,COLLEGE INDORE,MD PSYCHIATRY,4.0,,,,45344.0,,,,3651.0,,,
MP,Madhya Pradesh,2025,NEET_AIR,COLLEGE INDORE,MD RADIATION ONCOLOGY,2.0,,,,49021.0,,,,12691.0,,,
MP,Madhya Pradesh,2025,NEET_AIR,COLLEGE INDORE,MD RADIODIAGNOSIS,8.0,,,,87894.0,,,,830.0,,,
MP,Madhya Pradesh,2025,NEET_AIR,COLLEGE INDORE,MD RESPIRATORY MEDICINE,2.0,,,,53825.0,,,,4786.0,,,
MP,Madhya Pradesh,2025,NEET_AIR,COLLEGE INDORE,MD TOXICOLOGY,2.0,,,,75537.0,,,,43901.0,,,
MP,Madhya Pradesh,2025,NEET_AIR,COLLEGE INDORE,MS GENERAL SURGERY,7.0,,,,41607.0,,,,3682.0,,,
MP,Madhya Pradesh,2025,NEET_AIR,COLLEGE INDORE,MS OBSTETRICS AND GYNAECOLOGY,2.0,,,,83007.0,,,,3404.0,,,
MP,Madhya Pradesh,2025,NEET_AIR,COLLEGE INDORE,MS OBSTETRICS AND GYNAECOLOGY Clinical,8.0,,,,98629.0,,,,3026.0,,,
MP,Madhya Pradesh,2025,NEET_AIR,COLLEGE INDORE,MS OPHTHALMOLOGY,4.0,,,,67504.0,,,,7919.0,,,
MP,Madhya Pradesh,2025,NEET_AIR,COLLEGE INDORE,MS ORTHOPAEDICS,4.0,,,,98822.0,,,,5514.0,,,
MP,Madhya Pradesh,2025,NEET_AIR,COLLEGE INDORE,MS OTORHINOLARYNGOLOGY (ENT),3.0,,,,69830.0,,,,9295.0,,,
MP,Madhya Pradesh,2025,NEET_AIR,COLLEGE JABALPUR,MD ANAESTHESIOLOGY,6.0,,,,65475.0,,,,14198.0,,,
MP,Madhya Pradesh,2025,NEET_AIR,COLLEGE JABALPUR,MD COMMUNITY MEDICINE,2.0,,,,53451.0,,,,38346.0,,,
MP,Madhya Pradesh,2025,NEET_AIR,COLLEGE JABALPUR,MD GENERAL MEDICINE,8.0,,,,78096.0,,,,1640.0,,,
MP,Madhya Pradesh,2025,NEET_AIR,COLLEGE JABALPUR,MD MICROBIOLOGY,1.0,,,,63458.0,,,,63458.0,,,
MP,Madhya Pradesh,2025,NEET_AIR,COLLEGE JABALPUR,MD PAEDIATRICS,4.0,,,,39103.0,,,,4307.0,,,
MP,Madhya Pradesh,2025,NEET_AIR,COLLEGE JABALPUR,MD PATHOLOGY,4.0,,,,82080.0,,,,26555.0,,,
MP,Madhya Pradesh,2025,NEET_AIR,COLLEGE JABALPUR,MD PHARMACOLOGY,1.0,,,,51296.0,,,,51296.0,,,
MP,Madhya Pradesh,2025,NEET_AIR,COLLEGE JABALPUR,MD PSYCHIATRY,1.0,,,,8363.0,,,,8363.0,,,
MP,Madhya Pradesh,2025,NEET_AIR,COLLEGE JABALPUR,MD RADIATION ONCOLOGY,1.0,,,,80888.0,,,,80888.0,,,
MP,Madhya Pradesh,2025,NEET_AIR,COLLEGE JABALPUR,MD RADIODIAGNOSIS,7.0,,,,74066.0,,,,1327.0,,,
MP,Madhya Pradesh,2025,NEET_AIR,COLLEGE JABALPUR,MD RESPIRATORY MEDICINE,3.0,,,,88904.0,,,,7805.0,,,
MP,Madhya Pradesh,2025,NEET_AIR,COLLEGE JABALPUR,MD TOXICOLOGY,1.0,,,,66990.0,,,,66990.0,,,
MP,Madhya Pradesh,2025,NEET_AIR,COLLEGE JABALPUR,MS GENERAL SURGERY,9.0,,,,48733.0,,,,4302.0,,,
MP,Madhya Pradesh,2025,NEET_AIR,COLLEGE JABALPUR,MS OBSTETRICS AND GYNAECOLOGY,5.0,,,,138066.0,,,,5010.0,,,
MP,Madhya Pradesh,2025,NEET_AIR,COLLEGE JABALPUR,MS OBSTETRICS AND GYNAECOLOGY Clinical,4.0,,,,23067.0,,,,6178.0,,,
MP,Madhya Pradesh,2025,NEET_AIR,COLLEGE JABALPUR,MS OPHTHALMOLOGY,3.0,,,,39853.0,,,,10330.0,,,
MP,Madhya Pradesh,2025,NEET_AIR,COLLEGE JABALPUR,MS ORTHOPAEDICS,5.0,,,,27403.0,,,,8274.0,,,
MP,Madhya Pradesh,2025,NEET_AIR,COLLEGE JABALPUR,MS OTORHINOLARYNGOLOGY (ENT),1.0,,,,18247.0,,,,18247.0,,,
MP,Madhya Pradesh,2025,NEET_AIR,COLLEGE KHANDWA,MD COMMUNITY MEDICINE,,,1.0,,,,3536.0,,,,3536.0,
MP,Madhya Pradesh,2025,NEET_AIR,COLLEGE KHANDWA,MD MEDICINE,,,2.0,,,,2317.0,,,,2156.0,
MP,Madhya Pradesh,2025,NEET_AIR,COLLEGE KHANDWA,MD PAEDIATRICS,,,2.0,,,,1011.0,,,,188.0,
MP,Madhya Pradesh,2025,NEET_AIR,COLLEGE SHIVPURI,MD BIOCHEMISTRY,,,2.0,,,,5329.0,,,,5062.0,
MP,Madhya Pradesh,2025,NEET_AIR,COLLEGE SHIVPURI,MD COMMUNITY MEDICINE,,,1.0,,,,5258.0,,,,5258.0,
MP,Madhya Pradesh,2025,NEET_AIR,COLLEGE SHIVPURI,MD MICROBIOLOGY,,1.0,1.0,,,3102.0,4638.0,,,3102.0,4638.0,
MP,Madhya Pradesh,2025,NEET_AIR,COLLEGE SHIVPURI,MD PATHOLOGY,,,1.0,,,,5320.0,,,,5320.0,
MP,Madhya Pradesh,2025,NEET_AIR,COLLEGE SHIVPURI,MD PHARMACOLOGY,,,1.0,,,,5023.0,,,,5023.0,
MP,Madhya Pradesh,2025,NEET_AIR,COLLEGE SHIVPURI,MD PHYSIOLOGY,,,1.0,,,,5314.0,,,,5314.0,
MP,Madhya Pradesh,2025,NEET_AIR,COLLEGE SHIVPURI,MS GENERAL SURGERY,,1.0,1.0,,,484.0,485.0,,,484.0,485.0,
MP,Madhya Pradesh,2025,NEET_AIR,COLLEGE SHIVPURI,MS ORTHOPAEDICS,,2.0,1.0,,,2509.0,2599.0,,,444.0,2599.0,
MP,Madhya Pradesh,2025,NEET_AIR,COLLEGE VIDISHA,MD ANAESTHESIOLOGY,1.0,,1.0,,19464.0,,3268.0,,19464.0,,3268.0,
MP,Madhya Pradesh,2025,NEET_AIR,COLLEGE VIDISHA,MD COMMUNITY MEDICINE,2.0,,2.0,,100207.0,,5330.0,,47237.0,,4151.0,
MP,Madhya Pradesh,2025,NEET_AIR,COLLEGE VIDISHA,MD GENERAL MEDICINE,1.0,1.0,,,2947.0,118.0,,,2947.0,118.0,,
MP,Madhya Pradesh,2025,NEET_AIR,COLLEGE VIDISHA,MD MICROBIOLOGY,2.0,1.0,1.0,,107773.0,3180.0,5191.0,,92367.0,3180.0,5191.0,
MP,Madhya Pradesh,2025,NEET_AIR,COLLEGE VIDISHA,MD PAEDIATRICS,1.0,2.0,,,44172.0,2300.0,,,44172.0,1620.0,,
MP,Madhya Pradesh,2025,NEET_AIR,COLLEGE VIDISHA,MD PATHOLOGY,2.0,1.0,,,87204.0,2149.0,,,62080.0,2149.0,,
MP,Madhya Pradesh,2025,NEET_AIR,COLLEGE VIDISHA,MD TOXICOLOGY,,1.0,1.0,,,3464.0,4539.0,,,3464.0,4539.0,
MP,Madhya Pradesh,2025,NEET_AIR,COLLEGE VIDISHA,MS (ENT),,2.0,,,,2556.0,,,,573.0,,
MP,Madhya Pradesh,2025,NEET_AIR,COLLEGE VIDISHA,MS ANATOMY,1.0,1.0,1.0,,44809.0,1360.0,4980.0,,44809.0,1360.0,4980.0,
MP,Madhya Pradesh,2025,NEET_AIR,COLLEGE VIDISHA,MS GENERAL SURGERY,2.0,1.0,,,41259.0,1524.0,,,10523.0,1524.0,,
MP,Madhya Pradesh,2025,NEET_AIR,COLLEGE VIDISHA,MS GYNAECOLOGY,,1.0,,,,267.0,,,,267.0,,
MP,Madhya Pradesh,2025,NEET_AIR,COLLEGE VIDISHA,MS OBSTETRICS AND GYNAECOLOGY Clinical,1.0,,,,6372.0,,,,6372.0,,,
MP,Madhya Pradesh,2025,NEET_AIR,COLLEGE VIDISHA,MS OPHTHALMOLOGY,1.0,,,,19003.0,,,,19003.0,,,
MP,Madhya Pradesh,2025,NEET_AIR,COLLEGE VIDISHA,MS ORTHOPAEDICS,1.0,1.0,,,13076.0,437.0,,,13076.0,437.0,,
MP,Madhya Pradesh,2025,NEET_AIR,COLLEGE VIDISHA,MS OTORHINOLARYNGOLOGY (ENT),2.0,,,,75437.0,,,,15558.0,,,
MP,Madhya Pradesh,2025,NEET_AIR,COMMUNITY MEDICINE,Govt Non Clinical,3.0,,2.0,,326.0,,5219.0,,312.0,,4988.0,
MP,Madhya Pradesh,2025,NEET_AIR,COMMUNITY MEDICINE,Private Non Clinical,,,9.0,,,,5170.0,,,,2453.0,
MP,Madhya Pradesh,2025,NEET_AIR,Clinical,COLLEGE JABALPUR IN_OBC/X/OP,1.0,,,,274.0,,,,274.0,,,
MP,Madhya Pradesh,2025,NEET_AIR,Clinical,GANDHI MEDICAL COLLEGE BHOPAL IN_UR/PH/OP,1.0,,,,274.0,,,,274.0,,,
MP,Madhya Pradesh,2025,NEET_AIR,Clinical,Private OBC/X/OP,,,2.0,,,,1186.0,,,,717.0,
MP,Madhya Pradesh,2025,NEET_AIR,DEWAS,MD ANAESTHESIOLOGY,3.0,,,,59173.0,,,,47030.0,,,
MP,Madhya Pradesh,2025,NEET_AIR,DEWAS,MD AND LEPROSY,1.0,,,,14126.0,,,,14126.0,,,
MP,Madhya Pradesh,2025,NEET_AIR,DEWAS,MD EMERGENCY MEDICINE,3.0,,,,73585.0,,,,50858.0,,,
MP,Madhya Pradesh,2025,NEET_AIR,DEWAS,MD GENERAL MEDICINE,2.0,,,,17888.0,,,,17179.0,,,
MP,Madhya Pradesh,2025,NEET_AIR,DEWAS,MD PAEDIATRICS,2.0,,,,112631.0,,,,22714.0,,,
MP,Madhya Pradesh,2025,NEET_AIR,DEWAS,MD PSYCHIATRY,1.0,,,,77358.0,,,,77358.0,,,
MP,Madhya Pradesh,2025,NEET_AIR,DEWAS,MD RADIODIAGNOSIS,3.0,,,,27711.0,,,,11612.0,,,
MP,Madhya Pradesh,2025,NEET_AIR,DEWAS,MD RESPIRATORY MEDICINE,1.0,,,,35392.0,,,,35392.0,,,
MP,Madhya Pradesh,2025,NEET_AIR,DEWAS,MS GENERAL SURGERY,2.0,,,,82426.0,,,,34100.0,,,
MP,Madhya Pradesh,2025,NEET_AIR,DEWAS,MS OBSTETRICS AND GYNAECOLOGY,1.0,,,,130980.0,,,,130980.0,,,
MP,Madhya Pradesh,2025,NEET_AIR,DEWAS,MS OBSTETRICS AND GYNAECOLOGY Clinical,1.0,,,,23470.0,,,,23470.0,,,
MP,Madhya Pradesh,2025,NEET_AIR,DEWAS,MS OPHTHALMOLOGY,6.0,,,,111526.0,,,,43712.0,,,
MP,Madhya Pradesh,2025,NEET_AIR,DEWAS,MS OTORHINOLARYNGOLOGY (ENT),1.0,,,,50505.0,,,,50505.0,,,
MP,Madhya Pradesh,2025,NEET_AIR,EMERGENCY MEDICINE,Govt Clinical,,,1.0,,,,3687.0,,,,3687.0,
MP,Madhya Pradesh,2025,NEET_AIR,EMERGENCY MEDICINE,Private Clinical,,,6.0,,,,4949.0,,,,1752.0,
MP,Madhya Pradesh,2025,NEET_AIR,EMERGENCY MEDICINE Clinical,Private UR/X/OP,,,1.0,,,,1617.0,,,,1617.0,
MP,Madhya Pradesh,2025,NEET_AIR,GAJRA RAJA MEDICAL COLLEGE GWALIOR,MD ANAESTHESIOLOGY,3.0,3.0,3.0,,64945.0,2253.0,4737.0,,16743.0,1003.0,1015.0,
MP,Madhya Pradesh,2025,NEET_AIR,GAJRA RAJA MEDICAL COLLEGE GWALIOR,MD BIOCHEMISTRY,1.0,1.0,1.0,,107862.0,3280.0,3461.0,,107862.0,3280.0,3461.0,
MP,Madhya Pradesh,2025,NEET_AIR,GAJRA RAJA MEDICAL COLLEGE GWALIOR,MD COMMUNITY MEDICINE,2.0,2.0,1.0,,43180.0,3030.0,5242.0,,42196.0,1552.0,5242.0,
MP,Madhya Pradesh,2025,NEET_AIR,GAJRA RAJA MEDICAL COLLEGE GWALIOR,MD EMERGENCY MEDICINE,1.0,1.0,,,22663.0,826.0,,,22663.0,826.0,,
MP,Madhya Pradesh,2025,NEET_AIR,GAJRA RAJA MEDICAL COLLEGE GWALIOR,MD EMERGENCY MEDICINE Clinical,,,1.0,,,,832.0,,,,832.0,
MP,Madhya Pradesh,2025,NEET_AIR,GAJRA RAJA MEDICAL COLLEGE GWALIOR,MD GENERAL MEDICINE,7.0,3.0,3.0,,77226.0,1349.0,3951.0,,1249.0,67.0,1333.0,
MP,Madhya Pradesh,2025,NEET_AIR,GAJRA RAJA MEDICAL COLLEGE GWALIOR,MD MICROBIOLOGY,,,2.0,,,,5158.0,,,,4057.0,
MP,Madhya Pradesh,2025,NEET_AIR,GAJRA RAJA MEDICAL COLLEGE GWALIOR,MD PAEDIATRICS,5.0,2.0,1.0,,90189.0,1478.0,1513.0,,4176.0,728.0,1513.0,
MP,Madhya Pradesh,2025,NEET_AIR,GAJRA RAJA MEDICAL COLLEGE GWALIOR,MD PATHOLOGY,4.0,4.0,4.0,,58597.0,2687.0,2789.0,,29265.0,1101.0,1120.0,
MP,Madhya Pradesh,2025,NEET_AIR,GAJRA RAJA MEDICAL COLLEGE GWALIOR,MD PHARMACOLOGY,1.0,,1.0,,37548.0,,4782.0,,37548.0,,4782.0,
MP,Madhya Pradesh,2025,NEET_AIR,GAJRA RAJA MEDICAL COLLEGE GWALIOR,MD PHYSIOLOGY,,,2.0,,,,5005.0,,,,4982.0,
MP,Madhya Pradesh,2025,NEET_AIR,GAJRA RAJA MEDICAL COLLEGE GWALIOR,MD PSYCHIATRY,1.0,2.0,,,19690.0,2678.0,,,19690.0,703.0,,
MP,Madhya Pradesh,2025,NEET_AIR,GAJRA RAJA MEDICAL COLLEGE GWALIOR,MD RADIATION ONCOLOGY,1.0,,,,23239.0,,,,23239.0,,,
MP,Madhya Pradesh,2025,NEET_AIR,GAJRA RAJA MEDICAL COLLEGE GWALIOR,MD RADIODIAGNOSIS,6.0,2.0,,,95164.0,364.0,,,754.0,33.0,,
MP,Madhya Pradesh,2025,NEET_AIR,GAJRA RAJA MEDICAL COLLEGE GWALIOR,MD TOXICOLOGY,1.0,1.0,1.0,,113935.0,3404.0,5327.0,,113935.0,3404.0,5327.0,
MP,Madhya Pradesh,2025,NEET_AIR,GAJRA RAJA MEDICAL COLLEGE GWALIOR,MS (ENT),,1.0,,,,483.0,,,,483.0,,
MP,Madhya Pradesh,2025,NEET_AIR,GAJRA RAJA MEDICAL COLLEGE GWALIOR,MS ANATOMY,,,1.0,,,,5334.0,,,,5334.0,
MP,Madhya Pradesh,2025,NEET_AIR,GAJRA RAJA MEDICAL COLLEGE GWALIOR,MS GENERAL SURGERY,5.0,4.0,3.0,,58093.0,2041.0,2104.0,,10051.0,326.0,326.0,
MP,Madhya Pradesh,2025,NEET_AIR,GAJRA RAJA MEDICAL COLLEGE GWALIOR,MS GYNAECOLOGY,,5.0,4.0,,,2857.0,1536.0,,,153.0,153.0,
MP,Madhya Pradesh,2025,NEET_AIR,GAJRA RAJA MEDICAL COLLEGE GWALIOR,MS OBSTETRICS AND GYNAECOLOGY,3.0,,,,68903.0,,,,4437.0,,,
MP,Madhya Pradesh,2025,NEET_AIR,GAJRA RAJA MEDICAL COLLEGE GWALIOR,MS OBSTETRICS AND GYNAECOLOGY Clinical,4.0,,,,40576.0,,,,5282.0,,,
MP,Madhya Pradesh,2025,NEET_AIR,GAJRA RAJA MEDICAL COLLEGE GWALIOR,MS OPHTHALMOLOGY,2.0,1.0,1.0,,71260.0,334.0,334.0,,10373.0,334.0,334.0,
MP,Madhya Pradesh,2025,NEET_AIR,GAJRA RAJA MEDICAL COLLEGE GWALIOR,MS ORTHOPAEDICS,4.0,2.0,1.0,,38768.0,1429.0,394.0,,4384.0,393.0,394.0,
MP,Madhya Pradesh,2025,NEET_AIR,GAJRA RAJA MEDICAL COLLEGE GWALIOR,MS OTORHINOLARYNGOLOGY (ENT),2.0,,,,40161.0,,,,14050.0,,,
MP,Madhya Pradesh,2025,NEET_AIR,GANDHI MEDICAL COLLEGE BHOPAL,MD ANAESTHESIOLOGY,10.0,6.0,6.0,,63316.0,2196.0,2933.0,,9561.0,583.0,585.0,
MP,Madhya Pradesh,2025,NEET_AIR,GANDHI MEDICAL COLLEGE BHOPAL,MD AND LEPROSY,1.0,,,,7046.0,,,,7046.0,,,
MP,Madhya Pradesh,2025,NEET_AIR,GANDHI MEDICAL COLLEGE BHOPAL,MD AND TOXICOLOGY,,,1.0,,,,2136.0,,,,2136.0,
MP,Madhya Pradesh,2025,NEET_AIR,GANDHI MEDICAL COLLEGE BHOPAL,MD BIOCHEMISTRY,2.0,1.0,4.0,,131343.0,3472.0,4736.0,,127585.0,3472.0,3743.0,
MP,Madhya Pradesh,2025,NEET_AIR,GANDHI MEDICAL COLLEGE BHOPAL,MD COMMUNITY MEDICINE,,1.0,,,,2899.0,,,,2899.0,,
MP,Madhya Pradesh,2025,NEET_AIR,GANDHI MEDICAL COLLEGE BHOPAL,MD EMERGENCY MEDICINE,2.0,1.0,1.0,,9924.0,318.0,4483.0,,8694.0,318.0,4483.0,
MP,Madhya Pradesh,2025,NEET_AIR,GANDHI MEDICAL COLLEGE BHOPAL,MD EMERGENCY MEDICINE Clinical,,,1.0,,,,318.0,,,,318.0,
MP,Madhya Pradesh,2025,NEET_AIR,GANDHI MEDICAL COLLEGE BHOPAL,MD GENERAL MEDICINE,8.0,10.0,4.0,,41831.0,1282.0,1305.0,,1325.0,30.0,41.0,
MP,Madhya Pradesh,2025,NEET_AIR,GANDHI MEDICAL COLLEGE BHOPAL,MD MICROBIOLOGY,2.0,,3.0,,70979.0,,5232.0,,49232.0,,4360.0,
MP,Madhya Pradesh,2025,NEET_AIR,GANDHI MEDICAL COLLEGE BHOPAL,MD PAEDIATRICS,12.0,11.0,6.0,,97603.0,2677.0,2778.0,,3605.0,111.0,111.0,
MP,Madhya Pradesh,2025,NEET_AIR,GANDHI MEDICAL COLLEGE BHOPAL,MD PATHOLOGY,6.0,2.0,5.0,,69541.0,2390.0,5119.0,,17972.0,1892.0,1280.0,
MP,Madhya Pradesh,2025,NEET_AIR,GANDHI MEDICAL COLLEGE BHOPAL,MD PHARMACOLOGY,1.0,,2.0,,45554.0,,5291.0,,45554.0,,5259.0,
MP,Madhya Pradesh,2025,NEET_AIR,GANDHI MEDICAL COLLEGE BHOPAL,MD PHYSIOLOGY,,1.0,1.0,,,2960.0,3090.0,,,2960.0,3090.0,
MP,Madhya Pradesh,2025,NEET_AIR,GANDHI MEDICAL COLLEGE BHOPAL,MD PSYCHIATRY,1.0,1.0,1.0,,63330.0,2197.0,2270.0,,63330.0,2197.0,2270.0,
MP,Madhya Pradesh,2025,NEET_AIR,GANDHI MEDICAL COLLEGE BHOPAL,MD RADIODIAGNOSIS,5.0,3.0,,,31927.0,562.0,,,1236.0,26.0,,
MP,Madhya Pradesh,2025,NEET_AIR,GANDHI MEDICAL COLLEGE BHOPAL,MD RESPIRATORY MEDICINE,1.0,1.0,,,18288.0,1189.0,,,18288.0,1189.0,,
MP,Madhya Pradesh,2025,NEET_AIR,GANDHI MEDICAL COLLEGE BHOPAL,MD TOXICOLOGY,2.0,1.0,3.0,,59255.0,2073.0,4852.0,,57522.0,2073.0,4368.0,
MP,Madhya Pradesh,2025,NEET_AIR,GANDHI MEDICAL COLLEGE BHOPAL,MS ANATOMY,1.0,,1.0,,66068.0,,5224.0,,66068.0,,5224.0,
MP,Madhya Pradesh,2025,NEET_AIR,GANDHI MEDICAL COLLEGE BHOPAL,MS GENERAL SURGERY,8.0,6.0,7.0,,57765.0,2462.0,4805.0,,7179.0,286.0,308.0,
MP,Madhya Pradesh,2025,NEET_AIR,GANDHI MEDICAL COLLEGE BHOPAL,MS GYNAECOLOGY,,4.0,1.0,,,2507.0,164.0,,,164.0,164.0,
MP,Madhya Pradesh,2025,NEET_AIR,GANDHI MEDICAL COLLEGE BHOPAL,MS OBSTETRICS AND GYNAECOLOGY,4.0,,,,36663.0,,,,5801.0,,,
MP,Madhya Pradesh,2025,NEET_AIR,GANDHI MEDICAL COLLEGE BHOPAL,MS OBSTETRICS AND GYNAECOLOGY Clinical,4.0,,,,33538.0,,,,5338.0,,,
MP,Madhya Pradesh,2025,NEET_AIR,GANDHI MEDICAL COLLEGE BHOPAL,MS OPHTHALMOLOGY,3.0,1.0,1.0,,38275.0,1420.0,1452.0,,8409.0,1420.0,1452.0,
MP,Madhya Pradesh,2025,NEET_AIR,GANDHI MEDICAL COLLEGE BHOPAL,MS ORTHOPAEDICS,4.0,3.0,2.0,,35577.0,1335.0,1051.0,,7798.0,240.0,240.0,
MP,Madhya Pradesh,2025,NEET_AIR,GANDHI MEDICAL COLLEGE BHOPAL,MS OTORHINOLARYNGOLOGY (ENT),1.0,,1.0,,13491.0,,4268.0,,13491.0,,4268.0,
MP,Madhya Pradesh,2025,NEET_AIR,GENERAL MEDICINE,Govt Clinical,3.0,,7.0,,536.0,,4128.0,,306.0,,1708.0,
MP,Madhya Pradesh,2025,NEET_AIR,GENERAL MEDICINE,Private Clinical,9.0,,29.0,,535.0,,4055.0,,277.0,,337.0,
MP,Madhya Pradesh,2025,NEET_AIR,GENERAL SURGERY,Govt Clinical,1.0,,5.0,,285.0,,5065.0,,285.0,,3855.0,
MP,Madhya Pradesh,2025,NEET_AIR,GENERAL SURGERY,Private Clinical,2.0,,30.0,,365.0,,4666.0,,246.0,,776.0,
MP,Madhya Pradesh,2025,NEET_AIR,GOVERMENT MEDICAL COLLEGE RATLAM,MD ANAESTHESIOLOGY,4.0,3.0,4.0,,74686.0,2539.0,5279.0,,13622.0,461.0,462.0,
MP,Madhya Pradesh,2025,NEET_AIR,GOVERMENT MEDICAL COLLEGE RATLAM,MD AND LEPROSY,2.0,1.0,,,66571.0,919.0,,,1286.0,919.0,,
MP,Madhya Pradesh,2025,NEET_AIR,GOVERMENT MEDICAL COLLEGE RATLAM,MD BIOCHEMISTRY,,1.0,1.0,,,3395.0,4082.0,,,3395.0,4082.0,
MP,Madhya Pradesh,2025,NEET_AIR,GOVERMENT MEDICAL COLLEGE RATLAM,MD COMMUNITY MEDICINE,1.0,1.0,1.0,,40443.0,1493.0,4020.0,,40443.0,1493.0,4020.0,
MP,Madhya Pradesh,2025,NEET_AIR,GOVERMENT MEDICAL COLLEGE RATLAM,MD GENERAL MEDICINE,5.0,4.0,3.0,,89635.0,1793.0,1467.0,,2269.0,98.0,98.0,
MP,Madhya Pradesh,2025,NEET_AIR,GOVERMENT MEDICAL COLLEGE RATLAM,MD MEDICINE,,,1.0,,,,1528.0,,,,1528.0,
MP,Madhya Pradesh,2025,NEET_AIR,GOVERMENT MEDICAL COLLEGE RATLAM,MD MICROBIOLOGY,1.0,2.0,2.0,,69157.0,2922.0,4453.0,,69157.0,2380.0,3049.0,
MP,Madhya Pradesh,2025,NEET_AIR,GOVERMENT MEDICAL COLLEGE RATLAM,MD PAEDIATRICS,1.0,1.0,1.0,,6960.0,352.0,4157.0,,6960.0,352.0,4157.0,
MP,Madhya Pradesh,2025,NEET_AIR,GOVERMENT MEDICAL COLLEGE RATLAM,MD PATHOLOGY,2.0,,,,83052.0,,,,37847.0,,,
MP,Madhya Pradesh,2025,NEET_AIR,GOVERMENT MEDICAL COLLEGE RATLAM,MD PHARMACOLOGY,2.0,,1.0,,106554.0,,3748.0,,52381.0,,3748.0,
MP,Madhya Pradesh,2025,NEET_AIR,GOVERMENT MEDICAL COLLEGE RATLAM,MD PHYSIOLOGY,,1.0,1.0,,,3511.0,3988.0,,,3511.0,3988.0,
MP,Madhya Pradesh,2025,NEET_AIR,GOVERMENT MEDICAL COLLEGE RATLAM,MD TOXICOLOGY,,,1.0,,,,4940.0,,,,4940.0,
MP,Madhya Pradesh,2025,NEET_AIR,GOVERMENT MEDICAL COLLEGE RATLAM,MS (ENT),,1.0,,,,720.0,,,,720.0,,
MP,Madhya Pradesh,2025,NEET_AIR,GOVERMENT MEDICAL COLLEGE RATLAM,MS GENERAL SURGERY,3.0,3.0,2.0,,62291.0,2156.0,2223.0,,11594.0,380.0,1260.0,
MP,Madhya Pradesh,2025,NEET_AIR,GOVERMENT MEDICAL COLLEGE RATLAM,MS GYNAECOLOGY,,2.0,2.0,,,1061.0,1078.0,,,265.0,265.0,
MP,Madhya Pradesh,2025,NEET_AIR,GOVERMENT MEDICAL COLLEGE RATLAM,MS OBSTETRICS AND GYNAECOLOGY Clinical,2.0,,,,28091.0,,,,6325.0,,,
MP,Madhya Pradesh,2025,NEET_AIR,GOVERMENT MEDICAL COLLEGE RATLAM,MS OPHTHALMOLOGY,1.0,1.0,,,13167.0,439.0,,,13167.0,439.0,,
MP,Madhya Pradesh,2025,NEET_AIR,GOVERMENT MEDICAL COLLEGE RATLAM,MS ORTHOPAEDICS,2.0,1.0,2.0,,40569.0,408.0,4896.0,,12384.0,408.0,409.0,
MP,Madhya Pradesh,2025,NEET_AIR,GOVERMENT MEDICAL COLLEGE RATLAM,MS OTORHINOLARYNGOLOGY (ENT),1.0,,,,20131.0,,,,20131.0,,,
MP,Madhya Pradesh,2025,NEET_AIR,GOVERMENT MEDICAL COLLEGE SATNA,MD ANAESTHESIOLOGY,1.0,1.0,,,19053.0,681.0,,,19053.0,681.0,,
MP,Madhya Pradesh,2025,NEET_AIR,GOVERMENT MEDICAL COLLEGE SATNA,MD COMMUNITY MEDICINE,1.0,1.0,1.0,,82618.0,2726.0,4675.0,,82618.0,2726.0,4675.0,
MP,Madhya Pradesh,2025,NEET_AIR,GOVERMENT MEDICAL COLLEGE SATNA,MD MEDICINE,,,1.0,,,,2832.0,,,,2832.0,
MP,Madhya Pradesh,2025,NEET_AIR,GOVERMENT MEDICAL COLLEGE SATNA,MD PHARMACOLOGY,,,1.0,,,,4450.0,,,,4450.0,
MP,Madhya Pradesh,2025,NEET_AIR,GOVERMENT MEDICAL COLLEGE SATNA,MD TOXICOLOGY,,,2.0,,,,5312.0,,,,5282.0,
MP,Madhya Pradesh,2025,NEET_AIR,GOVERNMENT MEDICAL COLLEGE DATIA,MD ANAESTHESIOLOGY,1.0,,,,19544.0,,,,19544.0,,,
MP,Madhya Pradesh,2025,NEET_AIR,GOVERNMENT MEDICAL COLLEGE DATIA,MD BIOCHEMISTRY,1.0,,1.0,,108635.0,,4171.0,,108635.0,,4171.0,
MP,Madhya Pradesh,2025,NEET_AIR,GOVERNMENT MEDICAL COLLEGE DATIA,MD COMMUNITY MEDICINE,1.0,,1.0,,120461.0,,4319.0,,120461.0,,4319.0,
MP,Madhya Pradesh,2025,NEET_AIR,GOVERNMENT MEDICAL COLLEGE DATIA,MD GENERAL MEDICINE,2.0,1.0,,,86163.0,1664.0,,,6275.0,1664.0,,
MP,Madhya Pradesh,2025,NEET_AIR,GOVERNMENT MEDICAL COLLEGE DATIA,MD PAEDIATRICS,1.0,1.0,,,6005.0,238.0,,,6005.0,238.0,,
MP,Madhya Pradesh,2025,NEET_AIR,GOVERNMENT MEDICAL COLLEGE DATIA,MD PATHOLOGY,1.0,,,,39880.0,,,,39880.0,,,
MP,Madhya Pradesh,2025,NEET_AIR,GOVERNMENT MEDICAL COLLEGE DATIA,MD PHARMACOLOGY,,,1.0,,,,3752.0,,,,3752.0,
MP,Madhya Pradesh,2025,NEET_AIR,GOVERNMENT MEDICAL COLLEGE DATIA,MS GENERAL SURGERY,1.0,1.0,,,64219.0,2221.0,,,64219.0,2221.0,,
MP,Madhya Pradesh,2025,NEET_AIR,GOVERNMENT MEDICAL COLLEGE DATIA,MS GYNAECOLOGY,,1.0,,,,270.0,,,,270.0,,
MP,Madhya Pradesh,2025,NEET_AIR,GOVERNMENT MEDICAL COLLEGE DATIA,MS OBSTETRICS AND GYNAECOLOGY Clinical,1.0,,,,6634.0,,,,6634.0,,,
MP,Madhya Pradesh,2025,NEET_AIR,GOVERNMENT MEDICAL COLLEGE DATIA,MS OPHTHALMOLOGY,1.0,,,,13793.0,,,,13793.0,,,
MP,Madhya Pradesh,2025,NEET_AIR,GOVERNMENT MEDICAL COLLEGE DATIA,MS ORTHOPAEDICS,1.0,,1.0,,15613.0,,4356.0,,15613.0,,4356.0,
MP,Madhya Pradesh,2025,NEET_AIR,GWALIOR MANSIK AROGYSHALA GWALIOR,MD PSYCHIATRY,1.0,,1.0,,10160.0,,3736.0,,10160.0,,3736.0,
MP,Madhya Pradesh,2025,NEET_AIR,GY (ENT),Private Clinical,,,1.0,,,,1599.0,,,,1599.0,
MP,Madhya Pradesh,2025,NEET_AIR,GYNAECOLOGY,Private Clinical,,,3.0,,,,1654.0,,,,704.0,
MP,Madhya Pradesh,2025,NEET_AIR,INDORE,MD ANAESTHESIOLOGY,7.0,11.0,14.0,,54645.0,1941.0,4560.0,,30827.0,369.0,369.0,
MP,Madhya Pradesh,2025,NEET_AIR,INDORE,MD AND LEPROSY,4.0,5.0,,,71246.0,3396.0,,,7591.0,712.0,,
MP,Madhya Pradesh,2025,NEET_AIR,INDORE,MD BIOCHEMISTRY,1.0,,2.0,,79083.0,,5114.0,,79083.0,,4975.0,
MP,Madhya Pradesh,2025,NEET_AIR,INDORE,MD BLOOD TRANSFUSION,,1.0,1.0,,,2757.0,4154.0,,,2757.0,4154.0,
MP,Madhya Pradesh,2025,NEET_AIR,INDORE,MD COMMUNITY MEDICINE,1.0,1.0,5.0,,51244.0,1633.0,5275.0,,51244.0,1633.0,1675.0,
MP,Madhya Pradesh,2025,NEET_AIR,INDORE,MD EMERGENCY MEDICINE,1.0,2.0,2.0,,37689.0,1286.0,5233.0,,37689.0,365.0,4084.0,
MP,Madhya Pradesh,2025,NEET_AIR,INDORE,MD EMERGENCY MEDICINE Clinical,,,2.0,,,,1309.0,,,,365.0,
MP,Madhya Pradesh,2025,NEET_AIR,INDORE,MD GENERAL MEDICINE,15.0,15.0,6.0,,95044.0,2973.0,5100.0,,3808.0,298.0,3303.0,
MP,Madhya Pradesh,2025,NEET_AIR,INDORE,MD LEPROSY,,,2.0,,,,4843.0,,,,4250.0,
MP,Madhya Pradesh,2025,NEET_AIR,INDORE,MD MEDICINE,,,1.0,,,,1979.0,,,,1979.0,
MP,Madhya Pradesh,2025,NEET_AIR,INDORE,MD MICROBIOLOGY,,1.0,4.0,,,2433.0,5239.0,,,2433.0,2517.0,
MP,Madhya Pradesh,2025,NEET_AIR,INDORE,MD PAEDIATRICS,11.0,10.0,9.0,,56473.0,1779.0,5031.0,,9618.0,65.0,65.0,
MP,Madhya Pradesh,2025,NEET_AIR,INDORE,MD PATHOLOGY,7.0,9.0,4.0,,137252.0,2981.0,4549.0,,31872.0,559.0,1962.0,
MP,Madhya Pradesh,2025,NEET_AIR,INDORE,MD PHARMACOLOGY,1.0,2.0,2.0,,65311.0,2268.0,5190.0,,65311.0,1766.0,3866.0,
MP,Madhya Pradesh,2025,NEET_AIR,INDORE,MD PHYSIOLOGY,,,5.0,,,,4893.0,,,,4121.0,
MP,Madhya Pradesh,2025,NEET_AIR,INDORE,MD PSYCHIATRY,3.0,5.0,1.0,,39158.0,2929.0,1696.0,,25255.0,586.0,1696.0,
MP,Madhya Pradesh,2025,NEET_AIR,INDORE,MD RADIATION ONCOLOGY,2.0,1.0,1.0,,35428.0,1764.0,4485.0,,29606.0,1764.0,4485.0,
MP,Madhya Pradesh,2025,NEET_AIR,INDORE,MD RADIATION ONCOLOGY Clinical,,,1.0,,,,1813.0,,,,1813.0,
MP,Madhya Pradesh,2025,NEET_AIR,INDORE,MD RADIODIAGNOSIS,7.0,8.0,4.0,,77767.0,2787.0,4419.0,,5797.0,56.0,3013.0,
MP,Madhya Pradesh,2025,NEET_AIR,INDORE,MD RESPIRATORY MEDICINE,3.0,5.0,,,97809.0,3046.0,,,21678.0,340.0,,
MP,Madhya Pradesh,2025,NEET_AIR,INDORE,MD TOXICOLOGY,1.0,,2.0,,69720.0,,5319.0,,69720.0,,4887.0,
MP,Madhya Pradesh,2025,NEET_AIR,INDORE,MS (ENT),,3.0,,,,2401.0,,,,297.0,,
MP,Madhya Pradesh,2025,NEET_AIR,INDORE,MS GENERAL SURGERY,17.0,13.0,8.0,,101584.0,3143.0,5300.0,,22916.0,192.0,192.0,
MP,Madhya Pradesh,2025,NEET_AIR,INDORE,MS GY (ENT),,,2.0,,,,2483.0,,,,297.0,
MP,Madhya Pradesh,2025,NEET_AIR,INDORE,MS GYNAECOLOGY,,12.0,,,,2914.0,,,,136.0,,
MP,Madhya Pradesh,2025,NEET_AIR,INDORE,MS OBSTETRICS AND GYNAECOLOGY,5.0,,4.0,,132318.0,,4290.0,,57466.0,,3689.0,
MP,Madhya Pradesh,2025,NEET_AIR,INDORE,MS OBSTETRICS AND GYNAECOLOGY Clinical,8.0,,,,23420.0,,,,14217.0,,,
MP,Madhya Pradesh,2025,NEET_AIR,INDORE,MS OPHTHALMOLOGY,2.0,6.0,6.0,,30914.0,2336.0,5230.0,,25975.0,245.0,786.0,
MP,Madhya Pradesh,2025,NEET_AIR,INDORE,MS ORTHOPAEDICS,6.0,5.0,4.0,,51586.0,1414.0,5270.0,,17893.0,255.0,4876.0,
MP,Madhya Pradesh,2025,NEET_AIR,INDORE,MS OTORHINOLARYNGOLOGY (ENT),2.0,,1.0,,39319.0,,4659.0,,28442.0,,4659.0,
MP,Madhya Pradesh,2025,NEET_AIR,JABALPUR,MD ANAESTHESIOLOGY,,4.0,4.0,,,2603.0,4902.0,,,854.0,1631.0,
MP,Madhya Pradesh,2025,NEET_AIR,JABALPUR,MD AND LEPROSY,,1.0,,,,936.0,,,,936.0,,
MP,Madhya Pradesh,2025,NEET_AIR,JABALPUR,MD BIOCHEMISTRY,,,1.0,,,,5257.0,,,,5257.0,
MP,Madhya Pradesh,2025,NEET_AIR,JABALPUR,MD COMMUNITY MEDICINE,,2.0,3.0,,,3445.0,4922.0,,,2971.0,3697.0,
MP,Madhya Pradesh,2025,NEET_AIR,JABALPUR,MD GENERAL MEDICINE,,5.0,3.0,,,3113.0,3277.0,,,40.0,62.0,
MP,Madhya Pradesh,2025,NEET_AIR,JABALPUR,MD LEPROSY,,,1.0,,,,4492.0,,,,4492.0,
MP,Madhya Pradesh,2025,NEET_AIR,JABALPUR,MD MEDICINE,,,2.0,,,,3103.0,,,,1828.0,
MP,Madhya Pradesh,2025,NEET_AIR,JABALPUR,MD MICROBIOLOGY,,,1.0,,,,5271.0,,,,5271.0,
MP,Madhya Pradesh,2025,NEET_AIR,JABALPUR,MD PAEDIATRICS,,2.0,2.0,,,1440.0,3993.0,,,325.0,1473.0,
MP,Madhya Pradesh,2025,NEET_AIR,JABALPUR,MD PATHOLOGY,,,1.0,,,,3992.0,,,,3992.0,
MP,Madhya Pradesh,2025,NEET_AIR,JABALPUR,MD PHARMACOLOGY,,2.0,3.0,,,3399.0,5118.0,,,1852.0,1904.0,
MP,Madhya Pradesh,2025,NEET_AIR,JABALPUR,MD PSYCHIATRY,,1.0,2.0,,,373.0,4156.0,,,373.0,373.0,
MP,Madhya Pradesh,2025,NEET_AIR,JABALPUR,MD RADIATION ONCOLOGY,,1.0,2.0,,,2688.0,5235.0,,,2688.0,2790.0,
MP,Madhya Pradesh,2025,NEET_AIR,JABALPUR,MD RADIODIAGNOSIS,,5.0,2.0,,,1231.0,1253.0,,,32.0,651.0,
MP,Madhya Pradesh,2025,NEET_AIR,JABALPUR,MD RESPIRATORY MEDICINE,,3.0,,,,1778.0,,,,242.0,,
MP,Madhya Pradesh,2025,NEET_AIR,JABALPUR,MD TOXICOLOGY,,1.0,,,,3287.0,,,,3287.0,,
MP,Madhya Pradesh,2025,NEET_AIR,JABALPUR,MS GENERAL SURGERY,,6.0,6.0,,,2009.0,4801.0,,,209.0,209.0,
MP,Madhya Pradesh,2025,NEET_AIR,JABALPUR,MS GYNAECOLOGY,,8.0,2.0,,,3118.0,3266.0,,,145.0,849.0,
MP,Madhya Pradesh,2025,NEET_AIR,JABALPUR,MS OBSTETRICS AND GYNAECOLOGY,,,1.0,,,,4778.0,,,,4778.0,
MP,Madhya Pradesh,2025,NEET_AIR,JABALPUR,MS OPHTHALMOLOGY,,2.0,3.0,,,1471.0,4557.0,,,330.0,330.0,
MP,Madhya Pradesh,2025,NEET_AIR,JABALPUR,MS ORTHOPAEDICS,,6.0,4.0,,,2622.0,2717.0,,,285.0,376.0,
MP,Madhya Pradesh,2025,NEET_AIR,LEPROSY,Private Clinical,,,20.0,,,,4262.0,,,,383.0,
MP,Madhya Pradesh,2025,NEET_AIR,LN MEDICAL COLLEGE BHOPAL,MD ANAESTHESIOLOGY,7.0,8.0,12.0,,62142.0,2935.0,4877.0,,46863.0,1705.0,1754.0,
MP,Madhya Pradesh,2025,NEET_AIR,LN MEDICAL COLLEGE BHOPAL,MD AND LEPROSY,2.0,2.0,,,40361.0,1490.0,,,11598.0,582.0,,
MP,Madhya Pradesh,2025,NEET_AIR,LN MEDICAL COLLEGE BHOPAL,MD BIOCHEMISTRY,,,1.0,,,,4690.0,,,,4690.0,
MP,Madhya Pradesh,2025,NEET_AIR,LN MEDICAL COLLEGE BHOPAL,MD COMMUNITY MEDICINE,1.0,,2.0,,105957.0,,5324.0,,105957.0,,4136.0,
MP,Madhya Pradesh,2025,NEET_AIR,LN MEDICAL COLLEGE BHOPAL,MD EMERGENCY MEDICINE,1.0,,,,46665.0,,,,46665.0,,,
MP,Madhya Pradesh,2025,NEET_AIR,LN MEDICAL COLLEGE BHOPAL,MD GENERAL MEDICINE,5.0,7.0,12.0,,55097.0,1955.0,5032.0,,11751.0,418.0,419.0,
MP,Madhya Pradesh,2025,NEET_AIR,LN MEDICAL COLLEGE BHOPAL,MD LEPROSY,,,2.0,,,,4729.0,,,,1525.0,
MP,Madhya Pradesh,2025,NEET_AIR,LN MEDICAL COLLEGE BHOPAL,MD MEDICINE,,,1.0,,,,1736.0,,,,1736.0,
MP,Madhya Pradesh,2025,NEET_AIR,LN MEDICAL COLLEGE BHOPAL,MD PAEDIATRICS,4.0,4.0,5.0,,46737.0,2788.0,5252.0,,19262.0,689.0,908.0,
MP,Madhya Pradesh,2025,NEET_AIR,LN MEDICAL COLLEGE BHOPAL,MD PATHOLOGY,3.0,3.0,2.0,,100321.0,3114.0,4488.0,,65521.0,2275.0,3261.0,
MP,Madhya Pradesh,2025,NEET_AIR,LN MEDICAL COLLEGE BHOPAL,MD PHYSIOLOGY,1.0,,,,114451.0,,,,114451.0,,,
MP,Madhya Pradesh,2025,NEET_AIR,LN MEDICAL COLLEGE BHOPAL,MD PSYCHIATRY,1.0,1.0,2.0,,35027.0,2529.0,3959.0,,35027.0,2529.0,2621.0,
MP,Madhya Pradesh,2025,NEET_AIR,LN MEDICAL COLLEGE BHOPAL,MD RADIODIAGNOSIS,4.0,3.0,3.0,,135076.0,3504.0,4445.0,,10697.0,363.0,3956.0,
MP,Madhya Pradesh,2025,NEET_AIR,LN MEDICAL COLLEGE BHOPAL,MD RESPIRATORY MEDICINE,3.0,2.0,,,46552.0,1690.0,,,28385.0,1604.0,,
MP,Madhya Pradesh,2025,NEET_AIR,LN MEDICAL COLLEGE BHOPAL,MS (ENT),,2.0,,,,2303.0,,,,1560.0,,
MP,Madhya Pradesh,2025,NEET_AIR,LN MEDICAL COLLEGE BHOPAL,MS GENERAL SURGERY,11.0,10.0,12.0,,73759.0,3200.0,5284.0,,40024.0,1475.0,1713.0,
MP,Madhya Pradesh,2025,NEET_AIR,LN MEDICAL COLLEGE BHOPAL,MS GY (ENT),,,1.0,,,,2380.0,,,,2380.0,
MP,Madhya Pradesh,2025,NEET_AIR,LN MEDICAL COLLEGE BHOPAL,MS GYNAECOLOGY,,5.0,4.0,,,2911.0,3035.0,,,700.0,925.0,
MP,Madhya Pradesh,2025,NEET_AIR,LN MEDICAL COLLEGE BHOPAL,MS OBSTETRICS AND GYNAECOLOGY,2.0,,4.0,,81119.0,,4704.0,,19606.0,,3923.0,
MP,Madhya Pradesh,2025,NEET_AIR,LN MEDICAL COLLEGE BHOPAL,MS OBSTETRICS AND GYNAECOLOGY Clinical,1.0,,,,30439.0,,,,30439.0,,,
MP,Madhya Pradesh,2025,NEET_AIR,LN MEDICAL COLLEGE BHOPAL,MS OPHTHALMOLOGY,3.0,3.0,6.0,,46174.0,1681.0,5338.0,,38157.0,1417.0,1486.0,
MP,Madhya Pradesh,2025,NEET_AIR,LN MEDICAL COLLEGE BHOPAL,MS ORTHOPAEDICS,7.0,7.0,7.0,,111736.0,3347.0,5255.0,,25099.0,1147.0,1252.0,
MP,Madhya Pradesh,2025,NEET_AIR,LN MEDICAL COLLEGE BHOPAL,MS OTORHINOLARYNGOLOGY (ENT),2.0,,1.0,,42555.0,,3939.0,,41260.0,,3939.0,
MP,Madhya Pradesh,2025,NEET_AIR,MEDICAL COLLEGE KHANDWA,MD COMMUNITY MEDICINE,2.0,3.0,2.0,,64790.0,3342.0,4981.0,,59886.0,2092.0,4292.0,
MP,Madhya Pradesh,2025,NEET_AIR,MEDICAL COLLEGE KHANDWA,MD MICROBIOLOGY,,,2.0,,,,5222.0,,,,5208.0,
MP,Madhya Pradesh,2025,NEET_AIR,MEDICAL COLLEGE KHANDWA,MD PAEDIATRICS,2.0,2.0,,,30795.0,999.0,,,23519.0,188.0,,
MP,Madhya Pradesh,2025,NEET_AIR,MEDICAL COLLEGE KHANDWA,MD PATHOLOGY,1.0,1.0,,,39229.0,1445.0,,,39229.0,1445.0,,
MP,Madhya Pradesh,2025,NEET_AIR,MEDICAL COLLEGE KHANDWA,MD TOXICOLOGY,,,1.0,,,,5309.0,,,,5309.0,
MP,Madhya Pradesh,2025,NEET_AIR,MEDICAL COLLEGE KHANDWA,MS OTORHINOLARYNGOLOGY (ENT),1.0,,1.0,,20414.0,,5164.0,,20414.0,,5164.0,
MP,Madhya Pradesh,2025,NEET_AIR,MEDICAL COLLEGE SHIVPURI,MD COMMUNITY MEDICINE,1.0,,,,67643.0,,,,67643.0,,,
MP,Madhya Pradesh,2025,NEET_AIR,MEDICAL COLLEGE SHIVPURI,MS GENERAL SURGERY,1.0,,,,14054.0,,,,14054.0,,,
MP,Madhya Pradesh,2025,NEET_AIR,MEDICAL COLLEGE SHIVPURI,MS ORTHOPAEDICS,2.0,,,,43350.0,,,,13265.0,,,
MP,Madhya Pradesh,2025,NEET_AIR,MEDICINE,Private Non Clinical,,,1.0,,,,3472.0,,,,3472.0,
MP,Madhya Pradesh,2025,NEET_AIR,MICROBIOLOGY,Govt Non Clinical,5.0,,6.0,,384.0,,5337.0,,237.0,,4389.0,
MP,Madhya Pradesh,2025,NEET_AIR,MICROBIOLOGY,Private Non Clinical,1.0,,3.0,,342.0,,5299.0,,342.0,,3466.0,
MP,Madhya Pradesh,2025,NEET_AIR,NOT ALLOTTED,ALLOTTED ALLOTTED ALLOTTED,,43.0,,,,3510.0,,,,36.0,,
MP,Madhya Pradesh,2025,NEET_AIR,NOT ALLOTTED,ALLOTTED ALLOTTED ALLOTTED NOT ALLOTTED,,5.0,,,,3167.0,,,,1553.0,,
MP,Madhya Pradesh,2025,NEET_AIR,NOT ALLOTTED,ALLOTTED NOT ALLOTTED,,1257.0,605.0,,,3517.0,5251.0,,,39.0,127.0,
MP,Madhya Pradesh,2025,NEET_AIR,NOT ALLOTTED,ALLOTTED NOT ALLOTTED NOT ALLOTTED,,1.0,,,,1716.0,,,,1716.0,,
MP,Madhya Pradesh,2025,NEET_AIR,NOT ALLOTTED,ALLOTTED NOT ALLOTTED NOT ALLOTTED NOT ALLOTTED,,,234.0,,,,4017.0,,,,69.0,
MP,Madhya Pradesh,2025,NEET_AIR,NOT ALLOTTED,NOT ALLOTTED NOT ALLOTTED,1045.0,,79.0,,138222.0,,5331.0,,237.0,,1058.0,
MP,Madhya Pradesh,2025,NEET_AIR,NOT ALLOTTED,NOT ALLOTTED NOT ALLOTTED NOT ALLOTTED,,,63.0,,,,3609.0,,,,951.0,
MP,Madhya Pradesh,2025,NEET_AIR,NOT ALLOTTED,NOT ALLOTTED NOT ALLOTTED NOT ALLOTTED NOT ALLOTTED,495.0,,,,135012.0,,,,2153.0,,,
MP,Madhya Pradesh,2025,NEET_AIR,NOT ALLOTTED NOT ALLOTTED,NOT ALLOTTED ALLOTTED,,,35.0,,,,3849.0,,,,1245.0,
MP,Madhya Pradesh,2025,NEET_AIR,NOT ALLOTTED NOT ALLOTTED,NOT ALLOTTED MD,,,22.0,,,,3589.0,,,,323.0,
MP,Madhya Pradesh,2025,NEET_AIR,NOT ALLOTTED NOT ALLOTTED,NOT ALLOTTED MS,,,20.0,,,,3947.0,,,,1222.0,
MP,Madhya Pradesh,2025,NEET_AIR,NOT ALLOTTED NOT ALLOTTED,NOT ALLOTTED NOT ALLOTTED,,,3.0,,,,2821.0,,,,1497.0,
MP,Madhya Pradesh,2025,NEET_AIR,Non Clinical,Private INST/UR/X/OP,,,1.0,,,,3117.0,,,,3117.0,
MP,Madhya Pradesh,2025,NEET_AIR,Non Clinical,Private UR/X/OP,,,3.0,,,,2343.0,,,,2081.0,
MP,Madhya Pradesh,2025,NEET_AIR,OBSTETRICS AND GYNAECOLOGY,Govt Clinical,3.0,,3.0,,289.0,,4966.0,,250.0,,4012.0,
MP,Madhya Pradesh,2025,NEET_AIR,OBSTETRICS AND GYNAECOLOGY,Private Clinical,1.0,,19.0,,393.0,,5022.0,,393.0,,1018.0,
MP,Madhya Pradesh,2025,NEET_AIR,OBSTETRICS AND GYNAECOLOGY Clinical,Govt IN_UR/X/OP,2.0,,,,284.0,,,,282.0,,,
MP,Madhya Pradesh,2025,NEET_AIR,OBSTETRICS AND GYNAECOLOGY Clinical,Private INST/UR/NRI/OP,1.0,,,,281.0,,,,281.0,,,
MP,Madhya Pradesh,2025,NEET_AIR,OBSTETRICS AND GYNAECOLOGY Clinical,Private SC/X/OP,1.0,,,,259.0,,,,259.0,,,
MP,Madhya Pradesh,2025,NEET_AIR,OPHTHALMOLOGY,Govt Clinical,1.0,,1.0,,370.0,,3828.0,,370.0,,3828.0,
MP,Madhya Pradesh,2025,NEET_AIR,OPHTHALMOLOGY,Private Clinical,1.0,,17.0,,240.0,,5317.0,,240.0,,1449.0,
MP,Madhya Pradesh,2025,NEET_AIR,ORTHOPAEDICS,Govt Clinical,5.0,,4.0,,289.0,,4760.0,,245.0,,3458.0,
MP,Madhya Pradesh,2025,NEET_AIR,ORTHOPAEDICS,Private Clinical,2.0,,29.0,,293.0,,5287.0,,238.0,,1167.0,
MP,Madhya Pradesh,2025,NEET_AIR,OTORHINOLARYNGOLOGY (ENT),Govt Clinical,1.0,,,,536.0,,,,536.0,,,
MP,Madhya Pradesh,2025,NEET_AIR,OTORHINOLARYNGOLOGY (ENT),Private Clinical,2.0,,24.0,,384.0,,4387.0,,352.0,,2825.0,
MP,Madhya Pradesh,2025,NEET_AIR,PAEDIATRICS,Govt Clinical,3.0,,,,296.0,,,,247.0,,,
MP,Madhya Pradesh,2025,NEET_AIR,PAEDIATRICS,Private Clinical,3.0,,20.0,,535.0,,4401.0,,338.0,,701.0,
MP,Madhya Pradesh,2025,NEET_AIR,PATHOLOGY,Govt Non Clinical,2.0,,4.0,,397.0,,5206.0,,349.0,,4586.0,
MP,Madhya Pradesh,2025,NEET_AIR,PATHOLOGY,Private Non Clinical,6.0,,45.0,,398.0,,5188.0,,239.0,,2237.0,
MP,Madhya Pradesh,2025,NEET_AIR,PATHOLOGY,Private Non Clinical INST/UR/X/OP,2.0,,,,354.0,,,,286.0,,,
MP,Madhya Pradesh,2025,NEET_AIR,PATHOLOGY,Private Non Clinical OBC/X/OP,1.0,,,,252.0,,,,252.0,,,
MP,Madhya Pradesh,2025,NEET_AIR,PEOPLES COLLEGE OF MEDICAL SCIENCE BHOPAL,MD ANAESTHESIOLOGY,4.0,5.0,6.0,,62020.0,2503.0,4632.0,,48365.0,1747.0,1972.0,
MP,Madhya Pradesh,2025,NEET_AIR,PEOPLES COLLEGE OF MEDICAL SCIENCE BHOPAL,MD AND LEPROSY,,3.0,,,,3027.0,,,,338.0,,
MP,Madhya Pradesh,2025,NEET_AIR,PEOPLES COLLEGE OF MEDICAL SCIENCE BHOPAL,MD COMMUNITY MEDICINE,,,2.0,,,,5281.0,,,,5261.0,
MP,Madhya Pradesh,2025,NEET_AIR,PEOPLES COLLEGE OF MEDICAL SCIENCE BHOPAL,MD EMERGENCY MEDICINE,3.0,3.0,1.0,,52023.0,2078.0,3137.0,,40868.0,1577.0,3137.0,
MP,Madhya Pradesh,2025,NEET_AIR,PEOPLES COLLEGE OF MEDICAL SCIENCE BHOPAL,MD EMERGENCY MEDICINE Clinical,,,1.0,,,,1926.0,,,,1926.0,
MP,Madhya Pradesh,2025,NEET_AIR,PEOPLES COLLEGE OF MEDICAL SCIENCE BHOPAL,MD GENERAL MEDICINE,1.0,4.0,4.0,,17858.0,3246.0,5303.0,,17858.0,489.0,491.0,
MP,Madhya Pradesh,2025,NEET_AIR,PEOPLES COLLEGE OF MEDICAL SCIENCE BHOPAL,MD LEPROSY,,,5.0,,,,4568.0,,,,338.0,
MP,Madhya Pradesh,2025,NEET_AIR,PEOPLES COLLEGE OF MEDICAL SCIENCE BHOPAL,MD MICROBIOLOGY,1.0,,,,99300.0,,,,99300.0,,,
MP,Madhya Pradesh,2025,NEET_AIR,PEOPLES COLLEGE OF MEDICAL SCIENCE BHOPAL,MD PAEDIATRICS,1.0,2.0,2.0,,114732.0,3422.0,4951.0,,114732.0,697.0,4276.0,
MP,Madhya Pradesh,2025,NEET_AIR,PEOPLES COLLEGE OF MEDICAL SCIENCE BHOPAL,MD PATHOLOGY,3.0,1.0,2.0,,97783.0,2430.0,3918.0,,69307.0,2430.0,2514.0,
MP,Madhya Pradesh,2025,NEET_AIR,PEOPLES COLLEGE OF MEDICAL SCIENCE BHOPAL,MD PSYCHIATRY,1.0,2.0,4.0,,82127.0,3488.0,5247.0,,82127.0,2714.0,2819.0,
MP,Madhya Pradesh,2025,NEET_AIR,PEOPLES COLLEGE OF MEDICAL SCIENCE BHOPAL,MD RADIODIAGNOSIS,2.0,3.0,1.0,,103728.0,2675.0,230.0,,7558.0,230.0,230.0,
MP,Madhya Pradesh,2025,NEET_AIR,PEOPLES COLLEGE OF MEDICAL SCIENCE BHOPAL,MD RESPIRATORY MEDICINE,1.0,,1.0,,23909.0,,4885.0,,23909.0,,4885.0,
MP,Madhya Pradesh,2025,NEET_AIR,PEOPLES COLLEGE OF MEDICAL SCIENCE BHOPAL,MS (ENT),,1.0,1.0,,,2166.0,2235.0,,,2166.0,2235.0,
MP,Madhya Pradesh,2025,NEET_AIR,PEOPLES COLLEGE OF MEDICAL SCIENCE BHOPAL,MS GENERAL SURGERY,5.0,3.0,2.0,,128886.0,3479.0,5196.0,,35331.0,1323.0,3847.0,
MP,Madhya Pradesh,2025,NEET_AIR,PEOPLES COLLEGE OF MEDICAL SCIENCE BHOPAL,MS GYNAECOLOGY,,3.0,3.0,,,978.0,990.0,,,655.0,658.0,
MP,Madhya Pradesh,2025,NEET_AIR,PEOPLES COLLEGE OF MEDICAL SCIENCE BHOPAL,MS OBSTETRICS AND GYNAECOLOGY,1.0,,2.0,,26147.0,,4259.0,,26147.0,,3106.0,
MP,Madhya Pradesh,2025,NEET_AIR,PEOPLES COLLEGE OF MEDICAL SCIENCE BHOPAL,MS OBSTETRICS AND GYNAECOLOGY Clinical,2.0,,,,22925.0,,,,18415.0,,,
MP,Madhya Pradesh,2025,NEET_AIR,PEOPLES COLLEGE OF MEDICAL SCIENCE BHOPAL,MS OPHTHALMOLOGY,2.0,3.0,2.0,,47101.0,1798.0,5211.0,,33152.0,1466.0,4263.0,
MP,Madhya Pradesh,2025,NEET_AIR,PEOPLES COLLEGE OF MEDICAL SCIENCE BHOPAL,MS ORTHOPAEDICS,2.0,2.0,4.0,,31755.0,1670.0,4110.0,,29970.0,1191.0,1212.0,
MP,Madhya Pradesh,2025,NEET_AIR,PEOPLES COLLEGE OF MEDICAL SCIENCE BHOPAL,MS OTORHINOLARYNGOLOGY (ENT),3.0,,2.0,,67594.0,,4552.0,,42199.0,,4383.0,
MP,Madhya Pradesh,2025,NEET_AIR,PEOPLES COLLEGE OF MEDICAL SCIENCE BHOPAL ANAESTHESIOLOGY,MD Clinical,1.0,,,,91551.0,,,,91551.0,,,
MP,Madhya Pradesh,2025,NEET_AIR,PEOPLES COLLEGE OF MEDICAL SCIENCE BHOPAL AND LEPROSY,MD Clinical,2.0,,,,12147.0,,,,10463.0,,,
MP,Madhya Pradesh,2025,NEET_AIR,PEOPLES COLLEGE OF MEDICAL SCIENCE BHOPAL GENERAL MEDICINE,MD Clinical,1.0,,,,14203.0,,,,14203.0,,,
MP,Madhya Pradesh,2025,NEET_AIR,PEOPLES COLLEGE OF MEDICAL SCIENCE BHOPAL GENERAL SURGERY,MS Clinical,1.0,,,,40302.0,,,,40302.0,,,
MP,Madhya Pradesh,2025,NEET_AIR,PEOPLES COLLEGE OF MEDICAL SCIENCE BHOPAL ORTHOPAEDICS,MS Clinical,1.0,,,,25755.0,,,,25755.0,,,
MP,Madhya Pradesh,2025,NEET_AIR,PEOPLES COLLEGE OF MEDICAL SCIENCE BHOPAL PAEDIATRICS,MD Clinical,1.0,,,,19532.0,,,,19532.0,,,
MP,Madhya Pradesh,2025,NEET_AIR,PHARMACOLOGY,Govt Non Clinical,2.0,,5.0,,352.0,,5014.0,,263.0,,3565.0,
MP,Madhya Pradesh,2025,NEET_AIR,PHARMACOLOGY,Private Non Clinical,,,3.0,,,,4874.0,,,,3952.0,
MP,Madhya Pradesh,2025,NEET_AIR,PHARMACOLOGY,Private Non Clinical UR/X/OP,1.0,,,,280.0,,,,280.0,,,
MP,Madhya Pradesh,2025,NEET_AIR,PHYSIOLOGY,Govt Non Clinical,1.0,,2.0,,321.0,,5097.0,,321.0,,4748.0,
MP,Madhya Pradesh,2025,NEET_AIR,PHYSIOLOGY,Private Non Clinical,,,3.0,,,,5168.0,,,,3945.0,
MP,Madhya Pradesh,2025,NEET_AIR,PSYCHIATRY,Govt Clinical,3.0,,,,549.0,,,,249.0,,,
MP,Madhya Pradesh,2025,NEET_AIR,PSYCHIATRY,Private Clinical,2.0,,6.0,,365.0,,3833.0,,248.0,,1480.0,
MP,Madhya Pradesh,2025,NEET_AIR,RADIATION ONCOLOGY,Govt Clinical,1.0,,,,534.0,,,,534.0,,,
MP,Madhya Pradesh,2025,NEET_AIR,RADIATION ONCOLOGY,Private Clinical,1.0,,,,263.0,,,,263.0,,,
MP,Madhya Pradesh,2025,NEET_AIR,RADIODIAGNOSIS,Govt Clinical,3.0,,,,413.0,,,,260.0,,,
MP,Madhya Pradesh,2025,NEET_AIR,RADIODIAGNOSIS,Private Clinical,4.0,,5.0,,370.0,,5198.0,,275.0,,166.0,
MP,Madhya Pradesh,2025,NEET_AIR,RD GARDI MEDICAL COLLEGE UJJAIN,MD ANAESTHESIOLOGY,5.0,6.0,9.0,,88258.0,2850.0,5238.0,,35809.0,1127.0,1147.0,
MP,Madhya Pradesh,2025,NEET_AIR,RD GARDI MEDICAL COLLEGE UJJAIN,MD AND LEPROSY,3.0,1.0,,,82702.0,333.0,,,7408.0,333.0,,
MP,Madhya Pradesh,2025,NEET_AIR,RD GARDI MEDICAL COLLEGE UJJAIN,MD COMMUNITY MEDICINE,1.0,,3.0,,82241.0,,5294.0,,82241.0,,4403.0,
MP,Madhya Pradesh,2025,NEET_AIR,RD GARDI MEDICAL COLLEGE UJJAIN,MD GENERAL MEDICINE,9.0,8.0,5.0,,95262.0,2992.0,2915.0,,7103.0,215.0,215.0,
MP,Madhya Pradesh,2025,NEET_AIR,RD GARDI MEDICAL COLLEGE UJJAIN,MD LEPROSY,,,1.0,,,,3001.0,,,,3001.0,
MP,Madhya Pradesh,2025,NEET_AIR,RD GARDI MEDICAL COLLEGE UJJAIN,MD MEDICINE,,,1.0,,,,3265.0,,,,3265.0,
MP,Madhya Pradesh,2025,NEET_AIR,RD GARDI MEDICAL COLLEGE UJJAIN,MD MICROBIOLOGY,1.0,1.0,,,108868.0,3285.0,,,108868.0,3285.0,,
MP,Madhya Pradesh,2025,NEET_AIR,RD GARDI MEDICAL COLLEGE UJJAIN,MD PAEDIATRICS,2.0,3.0,4.0,,109174.0,3293.0,5185.0,,10658.0,510.0,512.0,
MP,Madhya Pradesh,2025,NEET_AIR,RD GARDI MEDICAL COLLEGE UJJAIN,MD PATHOLOGY,6.0,6.0,8.0,,95689.0,3512.0,5339.0,,48156.0,1741.0,1790.0,
MP,Madhya Pradesh,2025,NEET_AIR,RD GARDI MEDICAL COLLEGE UJJAIN,MD PHARMACOLOGY,1.0,,,,77813.0,,,,77813.0,,,
MP,Madhya Pradesh,2025,NEET_AIR,RD GARDI MEDICAL COLLEGE UJJAIN,MD PSYCHIATRY,2.0,1.0,1.0,,25529.0,943.0,4611.0,,17177.0,943.0,4611.0,
MP,Madhya Pradesh,2025,NEET_AIR,RD GARDI MEDICAL COLLEGE UJJAIN,MD RADIODIAGNOSIS,6.0,4.0,3.0,,82778.0,2470.0,2557.0,,5202.0,166.0,196.0,
MP,Madhya Pradesh,2025,NEET_AIR,RD GARDI MEDICAL COLLEGE UJJAIN,MD RESPIRATORY MEDICINE,3.0,2.0,,,102688.0,3117.0,,,19104.0,683.0,,
MP,Madhya Pradesh,2025,NEET_AIR,RD GARDI MEDICAL COLLEGE UJJAIN,MS (ENT),,2.0,,,,1319.0,,,,929.0,,
MP,Madhya Pradesh,2025,NEET_AIR,RD GARDI MEDICAL COLLEGE UJJAIN,MS GENERAL SURGERY,4.0,4.0,4.0,,50119.0,3494.0,5293.0,,21372.0,770.0,899.0,
MP,Madhya Pradesh,2025,NEET_AIR,RD GARDI MEDICAL COLLEGE UJJAIN,MS GY (ENT),,,1.0,,,,1343.0,,,,1343.0,
MP,Madhya Pradesh,2025,NEET_AIR,RD GARDI MEDICAL COLLEGE UJJAIN,MS GYNAECOLOGY,,4.0,,,,3023.0,,,,327.0,,
MP,Madhya Pradesh,2025,NEET_AIR,RD GARDI MEDICAL COLLEGE UJJAIN,MS OBSTETRICS AND GYNAECOLOGY,1.0,,,,40951.0,,,,40951.0,,,
MP,Madhya Pradesh,2025,NEET_AIR,RD GARDI MEDICAL COLLEGE UJJAIN,MS OBSTETRICS AND GYNAECOLOGY Clinical,3.0,,,,53053.0,,,,10204.0,,,
MP,Madhya Pradesh,2025,NEET_AIR,RD GARDI MEDICAL COLLEGE UJJAIN,MS OPHTHALMOLOGY,4.0,2.0,3.0,,133157.0,3273.0,4364.0,,23772.0,870.0,878.0,
MP,Madhya Pradesh,2025,NEET_AIR,RD GARDI MEDICAL COLLEGE UJJAIN,MS ORTHOPAEDICS,2.0,1.0,1.0,,28187.0,810.0,816.0,,22220.0,810.0,816.0,
MP,Madhya Pradesh,2025,NEET_AIR,RD GARDI MEDICAL COLLEGE UJJAIN,MS OTORHINOLARYNGOLOGY (ENT),2.0,,,,35293.0,,,,25265.0,,,
MP,Madhya Pradesh,2025,NEET_AIR,RESEARCH BHOPAL,MD RADIODIAGNOSIS,,2.0,1.0,,,3303.0,2640.0,,,2548.0,2640.0,
MP,Madhya Pradesh,2025,NEET_AIR,RESEARCH BHOPAL,MS GYNAECOLOGY,,1.0,,,,781.0,,,,781.0,,
MP,Madhya Pradesh,2025,NEET_AIR,RESEARCH BHOPAL,MS OBSTETRICS AND GYNAECOLOGY,,,3.0,,,,5169.0,,,,4411.0,
MP,Madhya Pradesh,2025,NEET_AIR,RESEARCH BHOPAL,MS ORTHOPAEDICS,,,2.0,,,,4257.0,,,,4226.0,
MP,Madhya Pradesh,2025,NEET_AIR,RESEARCH CENTER INDORE,MD ANAESTHESIOLOGY,11.0,,,,122193.0,,,,50896.0,,,
MP,Madhya Pradesh,2025,NEET_AIR,RESEARCH CENTER INDORE,MD AND LEPROSY,3.0,,,,75416.0,,,,16643.0,,,
MP,Madhya Pradesh,2025,NEET_AIR,RESEARCH CENTER INDORE,MD EMERGENCY MEDICINE,1.0,,,,50251.0,,,,50251.0,,,
MP,Madhya Pradesh,2025,NEET_AIR,RESEARCH CENTER INDORE,MD GENERAL MEDICINE,7.0,,,,76816.0,,,,15175.0,,,
MP,Madhya Pradesh,2025,NEET_AIR,RESEARCH CENTER INDORE,MD PAEDIATRICS,6.0,,,,33310.0,,,,21347.0,,,
MP,Madhya Pradesh,2025,NEET_AIR,RESEARCH CENTER INDORE,MD PATHOLOGY,4.0,,,,113655.0,,,,83765.0,,,
MP,Madhya Pradesh,2025,NEET_AIR,RESEARCH CENTER INDORE,MD PSYCHIATRY,3.0,,,,104584.0,,,,35501.0,,,
MP,Madhya Pradesh,2025,NEET_AIR,RESEARCH CENTER INDORE,MD RADIODIAGNOSIS,4.0,,,,74519.0,,,,11404.0,,,
MP,Madhya Pradesh,2025,NEET_AIR,RESEARCH CENTER INDORE,MD RESPIRATORY MEDICINE,3.0,,,,48556.0,,,,31705.0,,,
MP,Madhya Pradesh,2025,NEET_AIR,RESEARCH CENTER INDORE,MS GENERAL SURGERY,16.0,,,,79612.0,,,,37268.0,,,
MP,Madhya Pradesh,2025,NEET_AIR,RESEARCH CENTER INDORE,MS OBSTETRICS AND GYNAECOLOGY,3.0,,,,32606.0,,,,25053.0,,,
MP,Madhya Pradesh,2025,NEET_AIR,RESEARCH CENTER INDORE,MS OBSTETRICS AND GYNAECOLOGY Clinical,2.0,,,,22101.0,,,,21585.0,,,
MP,Madhya Pradesh,2025,NEET_AIR,RESEARCH CENTER INDORE,MS OPHTHALMOLOGY,2.0,,,,38599.0,,,,36437.0,,,
MP,Madhya Pradesh,2025,NEET_AIR,RESEARCH CENTER INDORE,MS ORTHOPAEDICS,11.0,,,,65083.0,,,,29737.0,,,
MP,Madhya Pradesh,2025,NEET_AIR,RESEARCH CENTER INDORE,MS OTORHINOLARYNGOLOGY (ENT),3.0,,,,60621.0,,,,47103.0,,,
MP,Madhya Pradesh,2025,NEET_AIR,RESEARCH CENTRE BHOPAL,MD ANAESTHESIOLOGY,5.0,,,,116970.0,,,,47661.0,,,
MP,Madhya Pradesh,2025,NEET_AIR,RESEARCH CENTRE BHOPAL,MD AND LEPROSY,1.0,,,,35283.0,,,,35283.0,,,
MP,Madhya Pradesh,2025,NEET_AIR,RESEARCH CENTRE BHOPAL,MD COMMUNITY MEDICINE,1.0,,,,109161.0,,,,109161.0,,,
MP,Madhya Pradesh,2025,NEET_AIR,RESEARCH CENTRE BHOPAL,MD EMERGENCY MEDICINE,1.0,,,,46923.0,,,,46923.0,,,
MP,Madhya Pradesh,2025,NEET_AIR,RESEARCH CENTRE BHOPAL,MD GENERAL MEDICINE,3.0,,,,23086.0,,,,16086.0,,,
MP,Madhya Pradesh,2025,NEET_AIR,RESEARCH CENTRE BHOPAL,MD PAEDIATRICS,1.0,,,,34121.0,,,,34121.0,,,
MP,Madhya Pradesh,2025,NEET_AIR,RESEARCH CENTRE BHOPAL,MD PATHOLOGY,1.0,,,,76366.0,,,,76366.0,,,
MP,Madhya Pradesh,2025,NEET_AIR,RESEARCH CENTRE BHOPAL,MD PHARMACOLOGY,1.0,,,,134921.0,,,,134921.0,,,
MP,Madhya Pradesh,2025,NEET_AIR,RESEARCH CENTRE BHOPAL,MD RADIODIAGNOSIS,1.0,,,,15548.0,,,,15548.0,,,
MP,Madhya Pradesh,2025,NEET_AIR,RESEARCH CENTRE BHOPAL,MS GENERAL SURGERY,3.0,,,,52686.0,,,,44599.0,,,
MP,Madhya Pradesh,2025,NEET_AIR,RESEARCH CENTRE BHOPAL,MS OBSTETRICS AND GYNAECOLOGY,1.0,,,,26023.0,,,,26023.0,,,
MP,Madhya Pradesh,2025,NEET_AIR,RESEARCH CENTRE BHOPAL,MS OPHTHALMOLOGY,2.0,,,,72729.0,,,,39732.0,,,
MP,Madhya Pradesh,2025,NEET_AIR,RESEARCH CENTRE BHOPAL,MS ORTHOPAEDICS,1.0,,,,34417.0,,,,34417.0,,,
MP,Madhya Pradesh,2025,NEET_AIR,RESEARCH CENTRE BHOPAL,MS OTORHINOLARYNGOLOGY (ENT),2.0,,,,62416.0,,,,55141.0,,,
MP,Madhya Pradesh,2025,NEET_AIR,"RESEARCH CENTRE, BHOPAL",MD ANAESTHESIOLOGY,,,2.0,,,,5264.0,,,,4914.0,
MP,Madhya Pradesh,2025,NEET_AIR,"RESEARCH CENTRE, BHOPAL",MD EMERGENCY MEDICINE,,,1.0,,,,5120.0,,,,5120.0,
MP,Madhya Pradesh,2025,NEET_AIR,"RESEARCH CENTRE, BHOPAL",MD GENERAL MEDICINE,,1.0,,,,3157.0,,,,3157.0,,
MP,Madhya Pradesh,2025,NEET_AIR,"RESEARCH CENTRE, BHOPAL",MD PAEDIATRICS,,,1.0,,,,5132.0,,,,5132.0,
MP,Madhya Pradesh,2025,NEET_AIR,"RESEARCH CENTRE, BHOPAL",MD RESPIRATORY MEDICINE,,,1.0,,,,4078.0,,,,4078.0,
MP,Madhya Pradesh,2025,NEET_AIR,"RESEARCH CENTRE, BHOPAL",MS GENERAL SURGERY,,1.0,1.0,,,1082.0,5175.0,,,1082.0,5175.0,
MP,Madhya Pradesh,2025,NEET_AIR,"RESEARCH CENTRE, BHOPAL",MS OBSTETRICS AND GYNAECOLOGY,,,2.0,,,,4976.0,,,,4920.0,
MP,Madhya Pradesh,2025,NEET_AIR,"RESEARCH CENTRE, BHOPAL",MS OPHTHALMOLOGY,,1.0,,,,2068.0,,,,2068.0,,
MP,Madhya Pradesh,2025,NEET_AIR,"RESEARCH CENTRE, BHOPAL",MS ORTHOPAEDICS,,,1.0,,,,5085.0,,,,5085.0,
MP,Madhya Pradesh,2025,NEET_AIR,RESPIRATORY MEDICINE,Govt Clinical,,,1.0,,,,3354.0,,,,3354.0,
MP,Madhya Pradesh,2025,NEET_AIR,RESPIRATORY MEDICINE,Private Clinical,,,5.0,,,,4519.0,,,,1498.0,
MP,Madhya Pradesh,2025,NEET_AIR,SHAHDOL,MD MICROBIOLOGY,,1.0,1.0,,,2315.0,5174.0,,,2315.0,5174.0,
MP,Madhya Pradesh,2025,NEET_AIR,SHAHDOL,MD TOXICOLOGY,,,2.0,,,,5311.0,,,,4497.0,
MP,Madhya Pradesh,2025,NEET_AIR,SHYAM SHAH MEDICAL COLLEGE REWA,MD ANAESTHESIOLOGY,4.0,1.0,1.0,,85197.0,1654.0,1698.0,,16991.0,1654.0,1698.0,
MP,Madhya Pradesh,2025,NEET_AIR,SHYAM SHAH MEDICAL COLLEGE REWA,MD AND LEPROSY,1.0,1.0,,,31052.0,1170.0,,,31052.0,1170.0,,
MP,Madhya Pradesh,2025,NEET_AIR,SHYAM SHAH MEDICAL COLLEGE REWA,MD COMMUNITY MEDICINE,1.0,,2.0,,110262.0,,4382.0,,110262.0,,4114.0,
MP,Madhya Pradesh,2025,NEET_AIR,SHYAM SHAH MEDICAL COLLEGE REWA,MD GENERAL MEDICINE,7.0,6.0,4.0,,76477.0,520.0,4009.0,,2046.0,53.0,58.0,
MP,Madhya Pradesh,2025,NEET_AIR,SHYAM SHAH MEDICAL COLLEGE REWA,MD LEPROSY,,,1.0,,,,1190.0,,,,1190.0,
MP,Madhya Pradesh,2025,NEET_AIR,SHYAM SHAH MEDICAL COLLEGE REWA,MD PAEDIATRICS,4.0,3.0,3.0,,90290.0,1804.0,4556.0,,4502.0,764.0,770.0,
MP,Madhya Pradesh,2025,NEET_AIR,SHYAM SHAH MEDICAL COLLEGE REWA,MD PATHOLOGY,1.0,2.0,2.0,,31839.0,2125.0,2191.0,,31839.0,1197.0,1218.0,
MP,Madhya Pradesh,2025,NEET_AIR,SHYAM SHAH MEDICAL COLLEGE REWA,MD RADIODIAGNOSIS,2.0,1.0,1.0,,1718.0,78.0,78.0,,1357.0,78.0,78.0,
MP,Madhya Pradesh,2025,NEET_AIR,SHYAM SHAH MEDICAL COLLEGE REWA,MD TOXICOLOGY,,,1.0,,,,4732.0,,,,4732.0,
MP,Madhya Pradesh,2025,NEET_AIR,SHYAM SHAH MEDICAL COLLEGE REWA,MS (ENT),,1.0,,,,701.0,,,,701.0,,
MP,Madhya Pradesh,2025,NEET_AIR,SHYAM SHAH MEDICAL COLLEGE REWA,MS GENERAL SURGERY,7.0,7.0,7.0,,60476.0,2111.0,2176.0,,10887.0,353.0,353.0,
MP,Madhya Pradesh,2025,NEET_AIR,SHYAM SHAH MEDICAL COLLEGE REWA,MS GY (ENT),,,1.0,,,,706.0,,,,706.0,
MP,Madhya Pradesh,2025,NEET_AIR,SHYAM SHAH MEDICAL COLLEGE REWA,MS GYNAECOLOGY,,3.0,2.0,,,1739.0,1788.0,,,381.0,969.0,
MP,Madhya Pradesh,2025,NEET_AIR,SHYAM SHAH MEDICAL COLLEGE REWA,MS OBSTETRICS AND GYNAECOLOGY,2.0,,1.0,,48097.0,,2905.0,,8701.0,,2905.0,
MP,Madhya Pradesh,2025,NEET_AIR,SHYAM SHAH MEDICAL COLLEGE REWA,MS OBSTETRICS AND GYNAECOLOGY Clinical,2.0,,,,25868.0,,,,6196.0,,,
MP,Madhya Pradesh,2025,NEET_AIR,SHYAM SHAH MEDICAL COLLEGE REWA,MS OPHTHALMOLOGY,3.0,3.0,1.0,,43494.0,2465.0,2552.0,,12169.0,402.0,2552.0,
MP,Madhya Pradesh,2025,NEET_AIR,SHYAM SHAH MEDICAL COLLEGE REWA,MS ORTHOPAEDICS,1.0,,,,10762.0,,,,10762.0,,,
MP,Madhya Pradesh,2025,NEET_AIR,SHYAM SHAH MEDICAL COLLEGE REWA,MS OTORHINOLARYNGOLOGY (ENT),1.0,,,,19646.0,,,,19646.0,,,
MP,Madhya Pradesh,2025,NEET_AIR,SRI AUROBINDO INSTITUTE OF MEDICAL SCIENCE INDORE ANAESTHESIOLOGY,MD Clinical,,,3.0,,,,1997.0,,,,1539.0,
MP,Madhya Pradesh,2025,NEET_AIR,SRI AUROBINDO INSTITUTE OF MEDICAL SCIENCE INDORE GENERAL MEDICINE,MD Clinical,,,9.0,,,,2662.0,,,,313.0,
MP,Madhya Pradesh,2025,NEET_AIR,SRI AUROBINDO INSTITUTE OF MEDICAL SCIENCE INDORE GENERAL SURGERY,MS Clinical,,,8.0,,,,2594.0,,,,1109.0,
MP,Madhya Pradesh,2025,NEET_AIR,SRI AUROBINDO INSTITUTE OF MEDICAL SCIENCE INDORE GY (ENT),MS Clinical,,,1.0,,,,1483.0,,,,1483.0,
MP,Madhya Pradesh,2025,NEET_AIR,SRI AUROBINDO INSTITUTE OF MEDICAL SCIENCE INDORE GYNAECOLOGY,MS Clinical,,,8.0,,,,2478.0,,,,558.0,
MP,Madhya Pradesh,2025,NEET_AIR,SRI AUROBINDO INSTITUTE OF MEDICAL SCIENCE INDORE LEPROSY,MD Clinical,,,2.0,,,,3596.0,,,,1366.0,
MP,Madhya Pradesh,2025,NEET_AIR,SRI AUROBINDO INSTITUTE OF MEDICAL SCIENCE INDORE MEDICINE,MD Clinical,,,3.0,,,,3186.0,,,,791.0,
MP,Madhya Pradesh,2025,NEET_AIR,SRI AUROBINDO INSTITUTE OF MEDICAL SCIENCE INDORE ORTHOPAEDICS,MS Clinical,,,4.0,,,,1446.0,,,,635.0,
MP,Madhya Pradesh,2025,NEET_AIR,SRI AUROBINDO INSTITUTE OF MEDICAL SCIENCE INDORE PAEDIATRICS,MD Clinical,,,7.0,,,,1569.0,,,,611.0,
MP,Madhya Pradesh,2025,NEET_AIR,SRI AUROBINDO INSTITUTE OF MEDICAL SCIENCE INDORE PATHOLOGY,MD Non Clinical,,,1.0,,,,2679.0,,,,2679.0,
MP,Madhya Pradesh,2025,NEET_AIR,SRI AUROBINDO INSTITUTE OF MEDICAL SCIENCE INDORE PSYCHIATRY,MD Clinical,,,2.0,,,,1476.0,,,,939.0,
MP,Madhya Pradesh,2025,NEET_AIR,SRI AUROBINDO INSTITUTE OF MEDICAL SCIENCE INDORE RADIODIAGNOSIS,MD Clinical,,,3.0,,,,2900.0,,,,218.0,
MP,Madhya Pradesh,2025,NEET_AIR,TOXICOLOGY,Govt Non Clinical,1.0,,2.0,,239.0,,4048.0,,239.0,,3468.0,
MP,Madhya Pradesh,2025,NEET_AIR,TOXICOLOGY,Govt Non Clinical INST/OBC/X/OP,1.0,,,,258.0,,,,258.0,,,
MP,Madhya Pradesh,2025,NEET_AIR,TOXICOLOGY,Private Non Clinical,,,2.0,,,,5058.0,,,,5037.0,
MP,Madhya Pradesh,2025,NEET_AIR,VIDISHA,MD AND TOXICOLOGY,,,1.0,,,,3778.0,,,,3778.0,
MP,Madhya Pradesh,2025,NEET_AIR,VIDISHA,MD PAEDIATRICS,,,2.0,,,,2377.0,,,,1662.0,
MP,Madhya Pradesh,2025,NEET_AIR,VIDISHA,MD PATHOLOGY,,,1.0,,,,2216.0,,,,2216.0,
MP,Madhya Pradesh,2025,NEET_AIR,VIDISHA,MS (ENT),,,1.0,,,,575.0,,,,575.0,
MP,Madhya Pradesh,2025,NEET_AIR,VIDISHA,MS ANATOMY,,,1.0,,,,1386.0,,,,1386.0,
MP,Madhya Pradesh,2025,NEET_AIR,VIDISHA,MS GENERAL SURGERY,,,1.0,,,,1560.0,,,,1560.0,
MP,Madhya Pradesh,2025,NEET_AIR,VIDISHA,MS GYNAECOLOGY,,,1.0,,,,267.0,,,,267.0,
MP,Madhya Pradesh,2025,NEET_AIR,VIDISHA,MS ORTHOPAEDICS,,,1.0,,,,438.0,,,,438.0,
