counselling,round,records,missing_rank,missing_college,missing_course
AIQ,R1,21068,0,0,0
AIQ,R2,14577,0,0,75
AIQ,R3,9046,0,0,0
AIQ,STRAY,2336,0,0,0
Bihar PGMAC,R1,690,0,0,0
Bihar PGMAC,R2,637,0,0,0
Bihar PGMAC,R3,726,0,0,0
Bihar PGMAC,STRAY,72,0,0,0
Jharkhand,R1,95,0,0,0
Jharkhand,R2,59,39,1,0
Jharkhand,R3,32,31,4,0
MP,R1,2493,0,0,0
MP,R2,1910,0,0,0
MP,R3,2192,0,0,0
Rajasthan,R1,1604,0,0,0
Rajasthan,R2,1551,0,0,0
Rajasthan,R3,292,292,0,0
Rajasthan,STRAY,219,219,0,0
UP,R1,2733,0,0,0
UP,R2,2061,0,0,0
UP,R3,2144,0,0,0
UP,STRAY,334,0,0,0
