counselling,year,round,document_type,source_file,pages
AIQ,2025,R2,vacancy,AIQ Round 2 Updated Clear Vacancy.pdf,559
AIQ,2025,R3,vacancy,AIQ Round 3 Clear Vacancy.pdf,468
AIQ,2025,Stray,vacancy,AIQ Stray Round Clear Vacancy Seats.pdf,176
AIQ,2025,R1,seat_matrix,All India Quota Seat Matrix - Round 1.pdf,178
Bihar,2025,R1,seat_matrix,PGMAC Round 1 Seat Matrix.pdf,19
Bihar,2025,R2,seat_matrix,PGMAC Round 2 Seat Matrix.pdf,8
Bihar,2025,R3,seat_matrix,PGMAC Round 3 Seat Matrix.pdf,6
Bihar,2025,Stray,vacancy,PGMAC Stray Vacancy Round Result.pdf,2
Bihar,2025,Stray,seat_matrix,PGMAC Stray Vacancy Round Seat Matrix.pdf,4
Jharkhand,2025,R1,seat_matrix,Jharkhand Round 1 Tentative Seat Matrix.pdf,2
Jharkhand,2025,R2,seat_matrix,Jharkhand Seat Matrix Round 2.pdf,1
Jharkhand,2025,R3,seat_matrix,Jharkhand Seat Matrix Round 3.pdf,1
Jharkhand,2025,Stray,vacancy,Jharkhand Stray Vacancy Round Result.pdf,1
Madhya Pradesh,2025,R1,seat_matrix,MP Round 1 Seat Matrix.pdf,4
Madhya Pradesh,2025,R2,seat_matrix,MP Round 2 Seat Matrix.pdf,7
Madhya Pradesh,2025,R3,seat_matrix,MP Round 3 Seat Matrix.pdf,4
Madhya Pradesh,2025,Stray,seat_matrix,MP Stray Vacancy Round Seat Matrix.pdf,3
Rajasthan,2025,R1,seat_matrix,Rajasthan Round 1 Seat Matrix.pdf,3
Rajasthan,2025,R2,seat_matrix,Rajasthan Round 2 Seat Matrix.pdf,3
Rajasthan,2025,R3,seat_matrix,Rajasthan Round 3 Seat Matrix.pdf,3
Rajasthan,2025,Stray,vacancy,Rajasthan Stray Vacancy Round Allotment.pdf,9
Rajasthan,2025,Stray,seat_matrix,Rajasthan Stray Vacancy Round Seat Matrix.pdf,3
Uttar Pradesh,2025,R1,seat_matrix,UP Round 1 MDMS Seat Matrix.pdf,40
Uttar Pradesh,2025,R2,seat_matrix,UP Round 2 MDMS Seat Matrix.pdf,38
Uttar Pradesh,2025,R3,seat_matrix,UP Round 3 MDMS Seat Matrix.pdf,35
Uttar Pradesh,2025,Stray,vacancy,UP Stray Vacancy Round MDMS Allotment.pdf,21
